6141dc9f3ac25c70a5c6c955,0
6141d06f4e27a1844a5f00cc,0
6141cf35b842c2e72e2f2d66,0
6141dd364e27a1844a5f02ba,0
6142d13a3ac25c70a5c6cc53,0
6141cfefee0a3fd43fb47a73,0
6141dcd24e27a1844a5f02b0,0
6141cf8e9cbada84a8676837,0
6141e813baaf234b35290482,0
6141cf404e27a1844a5f0034,0
61426fa64e27a1844a5f07f0,0
61432b5931cf3ef3d4a9f6f6,0
6141efc5baaf234b352904ec,0
6141dd7eee0a3fd43fb47c6b,0
6141eda24e27a1844a5f0404,0
614254813ac25c70a5c6cb83,0
61423770ee0a3fd43fb47efb,0
6141d01e9cbada84a8676875,0
6141cfe59cbada84a8676861,0
6141d818ee0a3fd43fb47be1,0
6141d57eee0a3fd43fb47b95,0
6142312f31cf3ef3d4a9f3ac,0
6141ee1bbaaf234b352904d8,0
6141dcddee0a3fd43fb47c5d,0
6141d4733ac25c70a5c6c8eb,0
6142490931cf3ef3d4a9f432,0
6142050c31cf3ef3d4a9f232,0
6141d03b9cbada84a867687f,0
61420f79ee0a3fd43fb47e65,0
6141f59931cf3ef3d4a9f186,0
6143487831cf3ef3d4a9f724,0
6141d23aee0a3fd43fb47b0f,0
6142b740ee0a3fd43fb47f81,0
6141d08731cf3ef3d4a9ee14,0
6141efa9ee0a3fd43fb47d75,0
614213e631cf3ef3d4a9f2c8,0
6141da32baaf234b352903a4,0
6141cf2431cf3ef3d4a9ed5c,0
614234213ac25c70a5c6cb23,0
6141f0199cbada84a8676b65,0
61428a8631cf3ef3d4a9f56a,0
61420fb23ac25c70a5c6ca9b,0
61422d953ac25c70a5c6cb0d,0
6141cf3d9cbada84a86767fd,0
6141dd0a4e27a1844a5f02b6,0
61426a324e27a1844a5f07d4,0
6141cf1b69b0784ffcf8f861,0
61427bbf3ac25c70a5c6cbdf,0
61420c0031cf3ef3d4a9f284,0
6141d12c4e27a1844a5f0102,0
6141da4e4e27a1844a5f0268,0
6141d9ab3ac25c70a5c6c937,0
61428b684e27a1844a5f0862,0
6142028831cf3ef3d4a9f214,0
6141d1173ac25c70a5c6c8a3,0
6142190eee0a3fd43fb47e8d,0
614206ec3ac25c70a5c6ca75,0
61424d209cbada84a8676d0d,0
6141d1fb3ac25c70a5c6c8b9,0
6142200831cf3ef3d4a9f32e,0
6141e54d4e27a1844a5f0372,0
6141d5f34e27a1844a5f01de,0
6141cf9931cf3ef3d4a9edb6,0
6143e6339cbada84a8676d8d,0
6142b29e31cf3ef3d4a9f5ea,0
6141cf1602d926221cabc54d,0
6141d5bdbaaf234b3529032c,0
6141cfe19cbada84a867685f,0
6142f4673ac25c70a5c6cc83,0
6141f7cc31cf3ef3d4a9f19c,0
6141f1b09cbada84a8676b71,0
6141cf1631cf3ef3d4a9ed42,0
6141e4d4baaf234b3529044e,0
61421ace4e27a1844a5f0604,0
6141f1ca9cbada84a8676b73,0
6141d61831cf3ef3d4a9ef28,0
61424f663ac25c70a5c6cb71,0
6142387831cf3ef3d4a9f3e0,0
614243273ac25c70a5c6cb51,0
61425c149cbada84a8676d2b,0
6141e37731cf3ef3d4a9f07a,0
6141e449baaf234b35290448,0
6141d58131cf3ef3d4a9ef14,0
61426b1c3ac25c70a5c6cbbd,0
61427c8031cf3ef3d4a9f534,0
6141df2d9cbada84a8676a79,0
6141e8c89cbada84a8676b0f,0
6141fb86ee0a3fd43fb47def,0
6142920531cf3ef3d4a9f588,0
6141d23abaaf234b352902a8,0
6142631b4e27a1844a5f07c2,0
615083823ac25c70a5c6ce03,0
61423ef64e27a1844a5f06fe,0
6142676b31cf3ef3d4a9f4de,0
61421e1fbaaf234b3529060c,0
6141dd209cbada84a8676a4d,0
6141d3059cbada84a8676923,0
6141d98c31cf3ef3d4a9ef94,0
6142653ebaaf234b352906d2,0
6141cf243ac25c70a5c6c847,0
6141d697ee0a3fd43fb47bb7,0
6141eca131cf3ef3d4a9f108,0
6141cf201d648932fbc3429f,0
6141da0e31cf3ef3d4a9efa0,0
6141d28cee0a3fd43fb47b21,0
6143caea3ac25c70a5c6cd33,0
6141d3894e27a1844a5f017e,0
614204ca4e27a1844a5f0538,0
61441d234e27a1844a5f0aa4,0
6141cf4cbaaf234b352901ca,0
6141ee9431cf3ef3d4a9f120,0
6141f6584e27a1844a5f048c,0
6141d17c4e27a1844a5f0116,0
614236174e27a1844a5f06c4,0
6141fbc89cbada84a8676bcd,0
6141e3009cbada84a8676ab9,0
6141d94dee0a3fd43fb47bff,0
6141d29fee0a3fd43fb47b25,0
6141cf34ee0a3fd43fb47a0b,0
6141d02e31cf3ef3d4a9edf6,0
61425ab24e27a1844a5f079c,0
614341814e27a1844a5f0a0e,0
6142abed4e27a1844a5f08da,0
6141cf4b02d926221cabc55f,0
6141de5231cf3ef3d4a9f00c,0
61455a754e27a1844a5f0ae8,0
6141e4a09cbada84a8676ad3,0
6141f6bb4e27a1844a5f0492,0
614200dbbaaf234b35290578,0
6141f3b2baaf234b35290512,0
6142ee8f31cf3ef3d4a9f684,0
6141f0b29cbada84a8676b6b,0
614204abbaaf234b3529058e,0
61459c7d3ac25c70a5c6cdc3,0
6142f229baaf234b35290738,0
614326443ac25c70a5c6ccb1,0
6141d0104e27a1844a5f00a8,0
614205214e27a1844a5f053c,0
6141dd98baaf234b352903dc,0
61429e9c31cf3ef3d4a9f5b2,0
6142494a4e27a1844a5f0738,0
6141d0824e27a1844a5f00d2,0
6141e16c4e27a1844a5f0320,0
6141d213baaf234b352902a0,0
614536c031cf3ef3d4a9f824,0
614286b69cbada84a8676d5d,0
6141e9b831cf3ef3d4a9f0dc,0
6142464831cf3ef3d4a9f422,0
614205f3baaf234b3529059a,0
6142caa431cf3ef3d4a9f62a,0
61429a433ac25c70a5c6cc0f,0
6142585a4e27a1844a5f0790,0
6141cf419cbada84a8676801,0
61440ddc31cf3ef3d4a9f7ce,0
61420e9631cf3ef3d4a9f29e,0
6142dc9e31cf3ef3d4a9f658,0
6141fa4ebaaf234b35290544,0
6141cf18b842c2e72e2f2d58,0
614254669cbada84a8676d1d,0
614220fd4e27a1844a5f0630,0
6141dc914e27a1844a5f02a8,0
6143cf9c31cf3ef3d4a9f7a0,0
61420b3b31cf3ef3d4a9f27a,0
61420df9baaf234b352905c0,0
6141edb831cf3ef3d4a9f114,0
6141d0fc31cf3ef3d4a9ee36,0
6141cff131cf3ef3d4a9edde,0
6141e1c44e27a1844a5f0328,0
61420b82ee0a3fd43fb47e4f,0
6141fbe531cf3ef3d4a9f1d0,0
6141e4cfee0a3fd43fb47ce3,0
61420e809cbada84a8676c5f,0
6141d39e9cbada84a867693f,0
61420d804e27a1844a5f0590,0
6141de1d4e27a1844a5f02d4,0
6141f66b31cf3ef3d4a9f18e,0
6141d1ae3ac25c70a5c6c8b3,0
6141d0279cbada84a8676879,0
6141e297baaf234b35290430,0
614215c131cf3ef3d4a9f2da,0
6142374e3ac25c70a5c6cb2d,0
614250f131cf3ef3d4a9f460,0
6141d6a84e27a1844a5f01f6,0
6142e35c31cf3ef3d4a9f668,0
6142dd0a31cf3ef3d4a9f65a,0
6141cf384e27a1844a5f002c,0
614253d7baaf234b352906ba,0
6141e2189cbada84a8676aab,0
6142232abaaf234b35290622,0
6141d21fee0a3fd43fb47b09,0
6141d45c9cbada84a8676959,0
6141f3663ac25c70a5c6ca0d,0
614270cf31cf3ef3d4a9f500,0
61423e254e27a1844a5f06f8,0
6141d36e4e27a1844a5f017a,0
6141d05f31cf3ef3d4a9ee06,0
6142148cee0a3fd43fb47e7b,0
6141ee24ee0a3fd43fb47d61,0
6141e09a9cbada84a8676a8f,0
6141e2a031cf3ef3d4a9f06a,0
6142cfb33ac25c70a5c6cc51,0
6141ffdcee0a3fd43fb47e15,0
6141d1944e27a1844a5f011c,0
6141d0969cbada84a867689b,0
61424d443ac25c70a5c6cb69,0
6141f42031cf3ef3d4a9f172,0
6141d0c94e27a1844a5f00e8,0
61422e729cbada84a8676cc1,0
61476b8431cf3ef3d4a9f844,0
614418d04e27a1844a5f0aa2,0
6141cfbe4e27a1844a5f0084,0
61424a3dee0a3fd43fb47f23,0
614200f631cf3ef3d4a9f206,0
6141d2889cbada84a867690f,0
6142757031cf3ef3d4a9f51a,0
6141e05a31cf3ef3d4a9f038,0
6143d37e3ac25c70a5c6cd3f,0
6141d42ebaaf234b352902fa,0
6141dc804e27a1844a5f02a6,0
614205024e27a1844a5f053a,0
6141d2ef4e27a1844a5f0162,0
6141ddfb4e27a1844a5f02d0,0
6141d43abaaf234b352902fc,0
6141e7dfee0a3fd43fb47d0f,0
614350bd4e27a1844a5f0a1c,0
6141d99fbaaf234b35290394,0
6141dddaee0a3fd43fb47c73,0
61436f8131cf3ef3d4a9f75a,0
6141f7104e27a1844a5f0496,0
61421c249cbada84a8676c8f,0
6142438c9cbada84a8676cf1,0
6141f4319cbada84a8676b8d,0
61425aac31cf3ef3d4a9f49e,0
6141f15831cf3ef3d4a9f148,0
614259db31cf3ef3d4a9f49a,0
6141f8b79cbada84a8676baf,0
6141f011ee0a3fd43fb47d7b,0
61426ec64e27a1844a5f07ea,0
6141d1c7baaf234b35290292,0
6141d88bee0a3fd43fb47beb,0
6141d00abaaf234b35290224,0
6143077c31cf3ef3d4a9f6c2,0
6141d4014e27a1844a5f0194,0
6141d010baaf234b35290226,0
6141e8bbbaaf234b3529048e,0
6142ae0eee0a3fd43fb47f7b,0
614355f5ee0a3fd43fb47f99,0
6141d551baaf234b3529031e,0
6142b57f31cf3ef3d4a9f5f4,0
61421c10baaf234b35290600,0
614214b94e27a1844a5f05d2,0
6142a04e4e27a1844a5f08b6,0
6141dec4baaf234b352903f2,0
61426d284e27a1844a5f07e0,0
6141d005baaf234b35290222,0
6141d67a31cf3ef3d4a9ef36,0
6141db9f9cbada84a8676a2d,0
6141cf1b31cf3ef3d4a9ed4c,0
6141efe8ee0a3fd43fb47d79,0
6141d1d531cf3ef3d4a9ee6c,0
6142e87e4e27a1844a5f0972,0
614266fabaaf234b352906d4,0
61429f0531cf3ef3d4a9f5b4,0
614215054e27a1844a5f05d4,0
6141d4b64e27a1844a5f01b2,0
6141da044e27a1844a5f025e,0
61421e2631cf3ef3d4a9f31c,0
61425c6bbaaf234b352906c4,0
6141d1bd9cbada84a86768e7,0
6141e63731cf3ef3d4a9f0a2,0
6142812ebaaf234b352906f2,0
614303c831cf3ef3d4a9f6ba,0
6147054331cf3ef3d4a9f842,0
6141e4a0ee0a3fd43fb47ce1,0
6141e34dbaaf234b3529043a,0
6141e021baaf234b3529040a,0
6141d011ee0a3fd43fb47a81,0
614330803ac25c70a5c6ccbd,0
6141de41baaf234b352903e8,0
6141e0d89cbada84a8676a95,0
6141d2e831cf3ef3d4a9eea6,0
6141cf1fb842c2e72e2f2d5e,0
61421c1d4e27a1844a5f0610,0
6144d0924e27a1844a5f0ad4,0
61423b6f9cbada84a8676cdf,0
6141d25731cf3ef3d4a9ee88,0
6141cf349cbada84a86767f3,0
6142a4843ac25c70a5c6cc1b,0
6141cf6e4e27a1844a5f0058,0
61429adf31cf3ef3d4a9f5a8,0
6142dd6331cf3ef3d4a9f65c,0
614233dd4e27a1844a5f06b6,0
61424b37baaf234b352906a8,0
6141e94bee0a3fd43fb47d25,0
6141cf604e27a1844a5f004e,0
614399bdbaaf234b3529074e,0
61420d069cbada84a8676c55,0
6141d1d0ee0a3fd43fb47af7,0
61420d8fbaaf234b352905be,0
6141efb931cf3ef3d4a9f12e,0
6141d8804e27a1844a5f0232,0
6141cf8b31cf3ef3d4a9edae,0
6141f3d84e27a1844a5f0466,0
6141e1b04e27a1844a5f0326,0
6141f458ee0a3fd43fb47da9,0
6141ded9baaf234b352903f4,0
6141d689ee0a3fd43fb47bb5,0
61424091ee0a3fd43fb47f0d,0
614339f231cf3ef3d4a9f70e,0
6142267a3ac25c70a5c6caf3,0
614238a631cf3ef3d4a9f3e2,0
6141d7a99cbada84a86769c9,0
6141e92431cf3ef3d4a9f0d4,0
6141cf143ac25c70a5c6c839,0
6141d46b31cf3ef3d4a9eeea,0
6141cf1a9cbada84a86767c9,0
6141da753ac25c70a5c6c941,0
6141d5e54e27a1844a5f01dc,0
6141cf184e27a1844a5efffa,0
6143cad34e27a1844a5f0a7e,0
6141cf1a9cbada84a86767cb,0
6141cf19ee0a3fd43fb479e5,0
6141fc6631cf3ef3d4a9f1d2,0
6141dce94e27a1844a5f02b2,0
6141cf653ac25c70a5c6c85f,0
6141cf454e27a1844a5f0038,0
6141d4e19cbada84a867696b,0
6141cfb34e27a1844a5f007e,0
6142eae64e27a1844a5f0978,0
6141cfb931cf3ef3d4a9edc6,0
6141cf534e27a1844a5f0044,0
6142b65331cf3ef3d4a9f5f8,0
6141cf18ee0a3fd43fb479e3,0
614252e631cf3ef3d4a9f46a,0
6143bdca3ac25c70a5c6cd2f,0
614374483ac25c70a5c6ccff,0
6142ab6d3ac25c70a5c6cc29,0
6141ef3cbaaf234b352904e8,0
6141cf274e27a1844a5f001a,0
6141de81ee0a3fd43fb47c7f,0
6142ef0e31cf3ef3d4a9f686,0
6141d139baaf234b35290278,0
6141cf46ee0a3fd43fb47a1b,0
61420dc0ee0a3fd43fb47e5d,0
61420a7a31cf3ef3d4a9f272,0
6141f2b69cbada84a8676b7d,0
6141cfc8baaf234b3529020a,0
614351f93ac25c70a5c6cce7,0
6142ef773ac25c70a5c6cc79,0
6141db069cbada84a8676a1f,0
6141e265ee0a3fd43fb47cbf,0
6141f06031cf3ef3d4a9f138,0
6141d0324e27a1844a5f00b6,0
61420d6831cf3ef3d4a9f290,0
614332d54e27a1844a5f09f8,0
6141cf181d648932fbc34291,0
6141f9393ac25c70a5c6ca2f,0
61452da33ac25c70a5c6cdb9,0
6141d73ebaaf234b35290358,0
6141cfba4e27a1844a5f0082,0
6141e02bee0a3fd43fb47c95,0
6141fad131cf3ef3d4a9f1c4,0
6142a35831cf3ef3d4a9f5be,0
61424ce19cbada84a8676d0b,0
6142b20d31cf3ef3d4a9f5e8,0
6143151d31cf3ef3d4a9f6d4,0
61426a2031cf3ef3d4a9f4ea,0
6142691a3ac25c70a5c6cbb7,0
6141d01851c1cbd9654b8890,0
6141cfbc9cbada84a867684f,0
6141cfd84e27a1844a5f0090,0
61425508baaf234b352906bc,0
6141e7064e27a1844a5f0398,0
614206d69cbada84a8676c27,0
6141d9839cbada84a86769fb,0
6141e21131cf3ef3d4a9f05c,0
6142c53a31cf3ef3d4a9f618,0
6141dd0d9cbada84a8676a4b,0
6148f3f63ac25c70a5c6cdff,0
6141d1a44e27a1844a5f0120,0
6142669cee0a3fd43fb47f4d,0
6146de474e27a1844a5f0b04,0
61421b8aee0a3fd43fb47e9d,0
6141e73c31cf3ef3d4a9f0b4,0
6141d7879cbada84a86769c5,0
6141ede4baaf234b352904d4,0
6141cf20baaf234b3529019c,0
6141f13bbaaf234b352904f8,0
6141d0079cbada84a867686d,0
6142192b9cbada84a8676c85,0
6141e0854e27a1844a5f030e,0
6145283a31cf3ef3d4a9f81e,0
6148032b4e27a1844a5f0b06,0
6141e4e3ee0a3fd43fb47ce5,0
6141ec179cbada84a8676b35,0
6142436931cf3ef3d4a9f418,0
6141cf4c9cbada84a8676809,0
6141cf99ee0a3fd43fb47a4f,0
6141cf289cbada84a86767e3,0
6141d61b4e27a1844a5f01e2,0
6141d03aee0a3fd43fb47a8f,0
614236b7ee0a3fd43fb47ef7,0
6142870cee0a3fd43fb47f69,0
61452a9e4e27a1844a5f0ae4,0
6141e188baaf234b3529041c,0
6141e03031cf3ef3d4a9f034,0
6141ea619cbada84a8676b25,0
6141d4cc31cf3ef3d4a9eefa,0
61422e9c4e27a1844a5f0696,0
614223aa4e27a1844a5f0648,0
614853c33ac25c70a5c6cdfd,0
6141f9094e27a1844a5f04b0,0
614248fbee0a3fd43fb47f1f,0
6142114831cf3ef3d4a9f2b8,0
6141f2c0ee0a3fd43fb47d99,0
6141d0464e27a1844a5f00be,0
6141cf539cbada84a867680f,0
614210ef4e27a1844a5f05b0,0
6141d6993ac25c70a5c6c90d,0
6141cf69ee0a3fd43fb47a35,0
61425b184e27a1844a5f079e,0
6149f3853ac25c70a5c6ce01,0
6141cf98baaf234b352901f4,0
6143017a4e27a1844a5f09a8,0
6141d0a29cbada84a867689f,0
614207fb4e27a1844a5f0558,0
614295a79cbada84a8676d6d,0
6141dff04e27a1844a5f0302,0
614299044e27a1844a5f089a,0
6141d10e9cbada84a86768bb,0
6144333531cf3ef3d4a9f7e0,0
6142094f9cbada84a8676c39,0
6141cf239cbada84a86767dd,0
6141eb613ac25c70a5c6c9d3,0
614227adbaaf234b3529063e,0
61422662baaf234b35290636,0
6141d53131cf3ef3d4a9ef0a,0
614239df9cbada84a8676cdd,0
6141d8b5baaf234b3529037c,0
6141d3659cbada84a8676933,0
6141db573ac25c70a5c6c949,0
6141e33531cf3ef3d4a9f074,0
6141f9c39cbada84a8676bbd,0
614211d431cf3ef3d4a9f2bc,0
6142276131cf3ef3d4a9f36a,0
6141cf299cbada84a86767e5,0
6141dd55ee0a3fd43fb47c69,0
6141d441ee0a3fd43fb47b65,0
61422f87baaf234b35290656,0
6141e21d4e27a1844a5f0330,0
6141f5913ac25c70a5c6ca1b,0
61422e304e27a1844a5f0694,0
6141d07bee0a3fd43fb47aa5,0
6141cf39ee0a3fd43fb47a0f,0
6141e57aee0a3fd43fb47ce9,0
6141d120baaf234b35290272,0
6141e8cc4e27a1844a5f03b8,0
614205d931cf3ef3d4a9f23a,0
6141db7fee0a3fd43fb47c37,0
614434883ac25c70a5c6cd69,0
6141eba8ee0a3fd43fb47d49,0
61425606ee0a3fd43fb47f37,0
6141f093baaf234b352904f4,0
61420843ee0a3fd43fb47e3f,0
6141d8fbbaaf234b35290382,0
6141f2639cbada84a8676b77,0
614260763ac25c70a5c6cba3,0
6144403c4e27a1844a5f0ab4,0
6141d3384e27a1844a5f0170,0
6142f1ef31cf3ef3d4a9f692,0
6141d16c31cf3ef3d4a9ee52,0
6141d072baaf234b35290244,0
6142a1e94e27a1844a5f08bc,0
6141d89aee0a3fd43fb47bed,0
6141eba4baaf234b352904b8,0
61457b3131cf3ef3d4a9f82a,0
6141cf3331cf3ef3d4a9ed6e,0
6141ddba3ac25c70a5c6c961,0
614227d7ee0a3fd43fb47ec9,0
6141f547ee0a3fd43fb47db1,0
61428491baaf234b352906f6,0
6141cf1db842c2e72e2f2d5a,0
6142d2644e27a1844a5f0942,0
6141da75baaf234b352903aa,0
6141d87c9cbada84a86769df,0
614220073ac25c70a5c6cad5,0
6142040bbaaf234b3529058c,0
6141d1239cbada84a86768c1,0
6141fdf7baaf234b3529055e,0
6141ddf59cbada84a8676a5f,0
6141cf3bbaaf234b352901bc,0
6142910f4e27a1844a5f087a,0
6142243b31cf3ef3d4a9f350,0
6141d4533ac25c70a5c6c8e9,0
614238fb3ac25c70a5c6cb35,0
6141ded231cf3ef3d4a9f018,0
6141da9931cf3ef3d4a9efb0,0
6141ff34ee0a3fd43fb47e11,0
61430d7e4e27a1844a5f09bc,0
6141d7e04e27a1844a5f021c,0
61438ab13ac25c70a5c6cd0f,0
6141db8e9cbada84a8676a2b,0
6144545e31cf3ef3d4a9f7ec,0
6141d3d99cbada84a8676945,0
614254429cbada84a8676d1b,0
6141e0f0ee0a3fd43fb47ca3,0
61427a8931cf3ef3d4a9f52a,0
614234a1ee0a3fd43fb47eef,0
6141d02931cf3ef3d4a9edf4,0
6142029e9cbada84a8676c05,0
6142353abaaf234b3529066c,0
6142b6ce4e27a1844a5f08fa,0
614213afbaaf234b352905da,0
6141d0074e27a1844a5f00a4,0
6141cf2fee0a3fd43fb47a05,0
6141d130baaf234b35290276,0
6141da759cbada84a8676a11,0
61438ee84e27a1844a5f0a56,0
61426bef9cbada84a8676d45,0
614219c3ee0a3fd43fb47e91,0
6141eb1b31cf3ef3d4a9f0f2,0
6141d6d43ac25c70a5c6c911,0
6142a5964e27a1844a5f08ca,0
6141d01bee0a3fd43fb47a83,0
6143219831cf3ef3d4a9f6e6,0
6141d28e31cf3ef3d4a9ee94,0
6141d2f5ee0a3fd43fb47b31,0
614346653ac25c70a5c6ccd5,0
6141cf58baaf234b352901d2,0
6143ad094e27a1844a5f0a6c,0
614206099cbada84a8676c23,0
6141f92fbaaf234b3529053a,0
6142174d9cbada84a8676c7b,0
6141cf273ac25c70a5c6c849,0
61428e9c31cf3ef3d4a9f578,0
6141d511ee0a3fd43fb47b83,0
614245f04e27a1844a5f0720,0
6141cf1bbaaf234b35290194,0
614243834e27a1844a5f0716,0
6141e2e14e27a1844a5f0342,0
6141cf1b4e27a1844a5f0004,0
6141cfaebaaf234b352901fe,0
6142b31fbaaf234b35290720,0
614220c93ac25c70a5c6cad9,0
6142c9ff4e27a1844a5f092c,0
6141f9744e27a1844a5f04b6,0
6141f18ebaaf234b352904fc,0
6142406c4e27a1844a5f0706,0
6141dbf231cf3ef3d4a9efd6,0
6143fdd731cf3ef3d4a9f7c4,0
61431c6231cf3ef3d4a9f6dc,0
6141d0a3ee0a3fd43fb47ab1,0
61426b004e27a1844a5f07d8,0
6142003731cf3ef3d4a9f200,0
6142254cbaaf234b35290630,0
61426d873ac25c70a5c6cbc1,0
6141cf14ee0a3fd43fb479d7,0
6141cf1531cf3ef3d4a9ed40,0
6141f21d3ac25c70a5c6ca03,0
614257ef9cbada84a8676d23,0
6142272b4e27a1844a5f0660,0
614430b44e27a1844a5f0ab0,0
614217094e27a1844a5f05ea,0
6141ffb13ac25c70a5c6ca55,0
6141e4854e27a1844a5f0362,0
6141d5ca4e27a1844a5f01d8,0
6143a5ec31cf3ef3d4a9f780,0
6141d2369cbada84a86768fd,0
6144be423ac25c70a5c6cd99,0
6141d48ebaaf234b35290306,0
6141d205ee0a3fd43fb47b03,0
61422d7dbaaf234b35290650,0
61440c683ac25c70a5c6cd55,0
6142a3724e27a1844a5f08c0,0
614321863ac25c70a5c6ccab,0
6143e0364e27a1844a5f0a84,0
6141f85a3ac25c70a5c6ca29,0
6141cf15b842c2e72e2f2d50,0
6141d2c831cf3ef3d4a9eea0,0
6141e348ee0a3fd43fb47ccb,0
614266539cbada84a8676d41,0
6142db32ee0a3fd43fb47f89,0
6141da4f3ac25c70a5c6c93f,0
61423a8c4e27a1844a5f06e0,0
6141d2049cbada84a86768f3,0
6142d257baaf234b3529072c,0
614239c031cf3ef3d4a9f3ea,0
6141fb159cbada84a8676bc5,0
6141cf3731cf3ef3d4a9ed72,0
6142e15431cf3ef3d4a9f666,0
6141d6ef9cbada84a86769b3,0
6141d25eee0a3fd43fb47b17,0
6141d4a03ac25c70a5c6c8ed,0
6141cf469cbada84a8676805,0
6142d1b74e27a1844a5f093e,0
61423e7431cf3ef3d4a9f404,0
6142cb3131cf3ef3d4a9f62c,0
61422d904e27a1844a5f0692,0
61420a4031cf3ef3d4a9f270,0
614216e331cf3ef3d4a9f2e2,0
6143540631cf3ef3d4a9f738,0
61429dd0baaf234b35290718,0
6141defeee0a3fd43fb47c87,0
6142e69c3ac25c70a5c6cc6b,0
6141cfc74e27a1844a5f0088,0
6141d75f9cbada84a86769c1,0
61420c0d9cbada84a8676c51,0
6141f2819cbada84a8676b79,0
614235e231cf3ef3d4a9f3ce,0
614201423ac25c70a5c6ca5b,0
61421627baaf234b352905e6,0
6142786c4e27a1844a5f080e,0
6142f6bc4e27a1844a5f098e,0
614229ae4e27a1844a5f066e,0
6141cfc4baaf234b35290208,0
6141ebc7baaf234b352904ba,0
6141cfa23ac25c70a5c6c86d,0
6141e38b31cf3ef3d4a9f07c,0
6141ef513ac25c70a5c6c9ef,0
6141d0d3baaf234b3529025e,0
6141dd913ac25c70a5c6c95f,0
614201584e27a1844a5f0518,0
6141d1a8ee0a3fd43fb47af1,0
6141d16cbaaf234b35290282,0
6141ea7f31cf3ef3d4a9f0e8,0
6143390f9cbada84a8676d85,0
6141d9649cbada84a86769f7,0
6142b6ef31cf3ef3d4a9f5fa,0
61423cd99cbada84a8676ce3,0
6141def39cbada84a8676a75,0
6141fe7f31cf3ef3d4a9f1ea,0
6141cf5c31cf3ef3d4a9ed90,0
6143b0c74e27a1844a5f0a72,0
6141dc104e27a1844a5f0298,0
614388324e27a1844a5f0a54,0
6141e9674e27a1844a5f03c2,0
6141d0319cbada84a867687d,0
6142333eee0a3fd43fb47eeb,0
61424fefbaaf234b352906b0,0
614200e69cbada84a8676bf5,0
61420c393ac25c70a5c6ca8b,0
6141d79dee0a3fd43fb47bd3,0
6141d324ee0a3fd43fb47b39,0
6141d07c9cbada84a8676893,0
61436a594e27a1844a5f0a3a,0
61425dcaee0a3fd43fb47f43,0
6141fa993ac25c70a5c6ca37,0
6141d10331cf3ef3d4a9ee38,0
6141d5be9cbada84a867698b,0
6141ea5e31cf3ef3d4a9f0e6,0
614297834e27a1844a5f0892,0
61420b039cbada84a8676c49,0
6141de874e27a1844a5f02de,0
61421ce7ee0a3fd43fb47ea1,0
61426bd84e27a1844a5f07dc,0
614285344e27a1844a5f0844,0
6143068c4e27a1844a5f09b4,0
6142948131cf3ef3d4a9f592,0
6141fd9fbaaf234b3529055c,0
6146726f3ac25c70a5c6cddb,0
61423e504e27a1844a5f06fa,0
61421c4d31cf3ef3d4a9f30a,0
614414694e27a1844a5f0a9e,0
614466fb3ac25c70a5c6cd7b,0
6141d9b1baaf234b35290396,0
6141e6f83ac25c70a5c6c9b5,0
6142a7bd3ac25c70a5c6cc21,0
6141d20dee0a3fd43fb47b05,0
6141f604ee0a3fd43fb47dbb,0
6143268731cf3ef3d4a9f6ee,0
6141e6d54e27a1844a5f0394,0
614222524e27a1844a5f063e,0
6141df90baaf234b35290400,0
6141db1031cf3ef3d4a9efbe,0
6141d57abaaf234b35290324,0
6141dd90ee0a3fd43fb47c6d,0
6141cfcdbaaf234b3529020c,0
6141f327baaf234b3529050a,0
6142357fee0a3fd43fb47ef1,0
6142b5bb4e27a1844a5f08f6,0
6141d1024e27a1844a5f00f8,0
6141de619cbada84a8676a69,0
6141d6089cbada84a8676995,0
6142b7b5baaf234b35290724,0
6141d4d43ac25c70a5c6c8f1,0
6141d4ee3ac25c70a5c6c8f3,0
6141d503baaf234b35290314,0
614260afee0a3fd43fb47f47,0
614240404e27a1844a5f0704,0
6141cf879cbada84a8676833,0
61429c714e27a1844a5f08a8,0
6142022931cf3ef3d4a9f212,0
6141dc749cbada84a8676a3f,0
614208d531cf3ef3d4a9f25c,0
6141cffe9cbada84a8676869,0
6141e75431cf3ef3d4a9f0b6,0
6142cad83ac25c70a5c6cc47,0
6146d5293ac25c70a5c6cde9,0
6142f5e84e27a1844a5f098a,0
61424cd43ac25c70a5c6cb67,0
6141de754e27a1844a5f02dc,0
61428ceb9cbada84a8676d61,0
6141ddd39cbada84a8676a5d,0
61435e6d3ac25c70a5c6ccf1,0
6143964f3ac25c70a5c6cd19,0
61422293baaf234b3529061e,0
614236abbaaf234b35290672,0
6141cf48a05be5973bd77a81,0
6142477531cf3ef3d4a9f428,0
6141cf9f51c1cbd9654b8886,0
6141e9b6baaf234b3529049c,0
6141cf2c31cf3ef3d4a9ed66,0
6141df674e27a1844a5f02f4,0
6141db3fbaaf234b352903b8,0
6141d0f531cf3ef3d4a9ee34,0
6141e22731cf3ef3d4a9f05e,0
6141cf10b842c2e72e2f2d46,0
61429a3531cf3ef3d4a9f5a6,0
6142069d9cbada84a8676c25,0
6141e45b31cf3ef3d4a9f088,0
6141cf1f51c1cbd9654b8878,0
6141e54431cf3ef3d4a9f092,0
6142160b4e27a1844a5f05e0,0
61421acf31cf3ef3d4a9f2fe,0
6141d7de3ac25c70a5c6c921,0
61427aa34e27a1844a5f0818,0
6141d70cbaaf234b35290354,0
61428656ee0a3fd43fb47f67,0
6145f9484e27a1844a5f0afc,0
6141d51531cf3ef3d4a9ef06,0
6141ee7931cf3ef3d4a9f11e,0
61422e5f3ac25c70a5c6cb11,0
6141d04831cf3ef3d4a9edfe,0
6141d3e93ac25c70a5c6c8e1,0
614241b331cf3ef3d4a9f410,0
6141d370baaf234b352902de,0
6141f4f29cbada84a8676b91,0
61428e5031cf3ef3d4a9f576,0
6141d853ee0a3fd43fb47be7,0
6141e0739cbada84a8676a8b,0
6141f7a131cf3ef3d4a9f19a,0
61423ba99cbada84a8676ce1,0
6145f1fb3ac25c70a5c6cdd1,0
6141d002ee0a3fd43fb47a7b,0
6141ee9cee0a3fd43fb47d67,0
6141e2bd3ac25c70a5c6c98f,0
6141dfa54e27a1844a5f02fa,0
6141d07531cf3ef3d4a9ee0e,0
6141e71c4e27a1844a5f039a,0
6141f1df3ac25c70a5c6ca01,0
61422f0f4e27a1844a5f0698,0
614219ad9cbada84a8676c87,0
6143d5dc4e27a1844a5f0a80,0
6141f77031cf3ef3d4a9f198,0
6141ed1a9cbada84a8676b3f,0
61421c7431cf3ef3d4a9f30c,0
6141edacbaaf234b352904d0,0
61421f664e27a1844a5f0620,0
6141df8b4e27a1844a5f02f8,0
614242f24e27a1844a5f0714,0
6141d1883ac25c70a5c6c8af,0
6141ef544e27a1844a5f0422,0
614240f531cf3ef3d4a9f40c,0
6141dceebaaf234b352903d2,0
6141d7289cbada84a86769b9,0
614310313ac25c70a5c6cc99,0
6142c5f94e27a1844a5f0924,0
6141d6b0baaf234b35290348,0
6142519a9cbada84a8676d15,0
6141da2f31cf3ef3d4a9efa4,0
6141e7d19cbada84a8676b01,0
6141f3bd4e27a1844a5f0464,0
6141cf72baaf234b352901e2,0
6141df569cbada84a8676a7b,0
6141d0899cbada84a8676897,0
614378e99cbada84a8676d89,0
6141d1cd4e27a1844a5f012a,0
6142b40b31cf3ef3d4a9f5f0,0
6142233e9cbada84a8676ca5,0
61420b229cbada84a8676c4b,0
6141ecaf4e27a1844a5f03f2,0
6142e88d31cf3ef3d4a9f674,0
6141cf39cc0e69a0cf28ab59,0
6141cf959cbada84a867683b,0
61431c8a4e27a1844a5f09d2,0
6141d9d33ac25c70a5c6c939,0
61421360ee0a3fd43fb47e77,0
6141d66d31cf3ef3d4a9ef34,0
6141d1ac4e27a1844a5f0122,0
6141ec8731cf3ef3d4a9f106,0
6141e682ee0a3fd43fb47cf5,0
6141d12a9cbada84a86768c3,0
6141cf819cbada84a867682f,0
614325203ac25c70a5c6ccaf,0
61422297ee0a3fd43fb47ebd,0
6141f3aeee0a3fd43fb47da3,0
6141fdbaee0a3fd43fb47e01,0
6141fe49ee0a3fd43fb47e07,0
614264474e27a1844a5f07c6,0
61431aff4e27a1844a5f09ce,0
614277f09cbada84a8676d4f,0
61420fad31cf3ef3d4a9f2a8,0
6142531731cf3ef3d4a9f46c,0
6141cf1abaaf234b35290190,0
6141dd46baaf234b352903d6,0
61425e7c31cf3ef3d4a9f4b0,0
6141cf80ee0a3fd43fb47a41,0
614207359cbada84a8676c2b,0
61424a3f4e27a1844a5f073c,0
6141d44cee0a3fd43fb47b67,0
614214b831cf3ef3d4a9f2d0,0
6141de3c9cbada84a8676a65,0
61435cf63ac25c70a5c6ccef,0
6141d0823ac25c70a5c6c891,0
6141dc5cee0a3fd43fb47c4f,0
6141f705baaf234b3529052c,0
6141f4504e27a1844a5f046e,0
614210b0ee0a3fd43fb47e69,0
6145223a3ac25c70a5c6cdb5,0
6142e5de4e27a1844a5f096c,0
6143153d3ac25c70a5c6cc9d,0
6141fec231cf3ef3d4a9f1ee,0
6141d3434e27a1844a5f0172,0
614236c231cf3ef3d4a9f3d4,0
6142aebc3ac25c70a5c6cc2d,0
6141cf1a4e27a1844a5f0000,0
61422aef4e27a1844a5f0676,0
614253acbaaf234b352906b8,0
6141cf47baaf234b352901c6,0
6141d2543ac25c70a5c6c8c1,0
61425ff09cbada84a8676d35,0
6142b13d31cf3ef3d4a9f5e6,0
6141f9c731cf3ef3d4a9f1b8,0
6144cd263ac25c70a5c6cd9f,0
61469a2631cf3ef3d4a9f840,0
61424c934e27a1844a5f074c,0
6142443031cf3ef3d4a9f41e,0
6141d0589cbada84a8676889,0
6141d1de31cf3ef3d4a9ee6e,0
6141d040baaf234b35290234,0
6142535731cf3ef3d4a9f46e,0
61422b174e27a1844a5f0678,0
614232fe4e27a1844a5f06b0,0
6141e27e4e27a1844a5f033a,0
6141dc204e27a1844a5f029a,0
6141cf24baaf234b352901a2,0
6141d22231cf3ef3d4a9ee7c,0
614211814e27a1844a5f05b8,0
6141cfc631cf3ef3d4a9edcc,0
6141d13a3ac25c70a5c6c8a7,0
614205f93ac25c70a5c6ca6f,0
6141cf153ac25c70a5c6c83b,0
6141fa0631cf3ef3d4a9f1bc,0
6141da1aee0a3fd43fb47c13,0
6141dd6d9cbada84a8676a53,0
6141e31c3ac25c70a5c6c993,0
6141cf6e3ac25c70a5c6c861,0
6141e91e3ac25c70a5c6c9c7,0
6141cfcb31cf3ef3d4a9edce,0
6141cfbbbaaf234b35290204,0
614211a34e27a1844a5f05ba,0
6142310131cf3ef3d4a9f3aa,0
61422fd84e27a1844a5f06a0,0
61420159baaf234b3529057c,0
6142222c31cf3ef3d4a9f344,0
6142e8583ac25c70a5c6cc6d,0
614242ce31cf3ef3d4a9f416,0
6142f67d31cf3ef3d4a9f69e,0
6141cf584e27a1844a5f0048,0
614223dd31cf3ef3d4a9f34e,0
61428960baaf234b352906fc,0
6143b4c53ac25c70a5c6cd27,0
6143fd9831cf3ef3d4a9f7c2,0
6141f1e64e27a1844a5f0448,0
6141f732ee0a3fd43fb47dc5,0
61425c684e27a1844a5f07a6,0
6141cf249cbada84a86767df,0
6141fdc531cf3ef3d4a9f1e0,0
61432b2d3ac25c70a5c6ccb7,0
6141dc6f4e27a1844a5f02a4,0
6142853e3ac25c70a5c6cbed,0
614268a631cf3ef3d4a9f4e2,0
6141d0a13ac25c70a5c6c895,0
614209b49cbada84a8676c3d,0
6141cf1669b0784ffcf8f857,0
614413cf4e27a1844a5f0a9c,0
6141cf3031cf3ef3d4a9ed6a,0
6142250131cf3ef3d4a9f356,0
6141cff4ee0a3fd43fb47a75,0
6141cf9c4e27a1844a5f0072,0
6141ef77ee0a3fd43fb47d71,0
61423b204e27a1844a5f06e4,0
6141f785ee0a3fd43fb47dc9,0
6142bdf84e27a1844a5f090a,0
6142349d31cf3ef3d4a9f3c4,0
6141cf49ee0a3fd43fb47a1d,0
614251e39cbada84a8676d19,0
61426ad8baaf234b352906da,0
6141daa9ee0a3fd43fb47c23,0
6142bbf731cf3ef3d4a9f604,0
6141f95bbaaf234b3529053c,0
6142120f31cf3ef3d4a9f2be,0
6141f3299cbada84a8676b7f,0
614249d431cf3ef3d4a9f434,0
61436de731cf3ef3d4a9f758,0
6141d4394e27a1844a5f019e,0
6141fa10baaf234b35290540,0
6141d093ee0a3fd43fb47aad,0
6141d56cbaaf234b35290322,0
6141d29f31cf3ef3d4a9ee98,0
6141d4fc31cf3ef3d4a9ef02,0
6141de1ebaaf234b352903e6,0
6141f05abaaf234b352904f0,0
6141e3da31cf3ef3d4a9f080,0
61422fcc9cbada84a8676cc5,0
6141cf15cc0e69a0cf28ab41,0
61434fc631cf3ef3d4a9f730,0
6141e4a031cf3ef3d4a9f08c,0
6142b50e31cf3ef3d4a9f5f2,0
6141d457ee0a3fd43fb47b69,0
6141e47131cf3ef3d4a9f08a,0
6141f0989cbada84a8676b69,0
61421bc2ee0a3fd43fb47e9f,0
614224c69cbada84a8676ca9,0
6141f3b39cbada84a8676b87,0
614245f09cbada84a8676cf7,0
6141db4831cf3ef3d4a9efc4,0
6141e78631cf3ef3d4a9f0ba,0
6142d2a73ac25c70a5c6cc55,0
6141e562baaf234b35290454,0
6141e69cbaaf234b3529046a,0
6141e42d3ac25c70a5c6c99d,0
6143739f3ac25c70a5c6ccfd,0
61422f8c31cf3ef3d4a9f3a0,0
614260f731cf3ef3d4a9f4b6,0
6142cf173ac25c70a5c6cc4f,0
6141e0963ac25c70a5c6c97f,0
6142636331cf3ef3d4a9f4c8,0
6141e52b9cbada84a8676adf,0
6141fe43baaf234b35290560,0
6141d25e4e27a1844a5f0148,0
6141f43dee0a3fd43fb47da7,0
6141d447baaf234b352902fe,0
61429dcdee0a3fd43fb47f75,0
614435cf3ac25c70a5c6cd6b,0
6141d617ee0a3fd43fb47ba7,0
6141d5ae4e27a1844a5f01d4,0
6142823d4e27a1844a5f0834,0
6141d1b54e27a1844a5f0124,0
6141db854e27a1844a5f028a,0
6142008731cf3ef3d4a9f202,0
61442e763ac25c70a5c6cd63,0
6141d4fb4e27a1844a5f01bc,0
6141dfb73ac25c70a5c6c975,0
6141cf654e27a1844a5f0052,0
6142e0df31cf3ef3d4a9f664,0
6141f1b731cf3ef3d4a9f14e,0
6141d536baaf234b3529031a,0
6141e67c31cf3ef3d4a9f0a8,0
6141e9e99cbada84a8676b21,0
6141d01a4e27a1844a5f00ac,0
6143eaf031cf3ef3d4a9f7aa,0
6141e7484e27a1844a5f039e,0
61424df6baaf234b352906ae,0
6141cf8f3ac25c70a5c6c869,0
6141cf1351c1cbd9654b8874,0
61432d60baaf234b35290740,0
61436d9d4e27a1844a5f0a3c,0
61442f2d3ac25c70a5c6cd65,0
6141dafe31cf3ef3d4a9efbc,0
6141e70aee0a3fd43fb47cff,0
614262264e27a1844a5f07c0,0
6141e4759cbada84a8676ad1,0
61435cfc31cf3ef3d4a9f746,0
6141d59431cf3ef3d4a9ef16,0
6141ff7fbaaf234b3529056c,0
614220cb31cf3ef3d4a9f334,0
6141d22d9cbada84a86768fb,0
6141d03cb842c2e72e2f2d68,0
614366ef3ac25c70a5c6ccf5,0
6141dbc14e27a1844a5f0290,0
6141d29e4e27a1844a5f0154,0
6144666c31cf3ef3d4a9f7f2,0
6141e0ad31cf3ef3d4a9f040,0
6141e3a7baaf234b3529043e,0
6141e934ee0a3fd43fb47d23,0
61422cad4e27a1844a5f068a,0
61428ea84e27a1844a5f086c,0
6141cf8902d926221cabc561,0
61431e8d3ac25c70a5c6cca7,0
6142bf5531cf3ef3d4a9f60a,0
614221e03ac25c70a5c6cadf,0
6141eee331cf3ef3d4a9f126,0
6141d4874e27a1844a5f01aa,0
6141e15f3ac25c70a5c6c985,0
614388ac31cf3ef3d4a9f770,0
6144e13031cf3ef3d4a9f80e,0
6141f8309cbada84a8676ba9,0
6142212b9cbada84a8676c9b,0
61422bff31cf3ef3d4a9f38c,0
61429fe231cf3ef3d4a9f5b6,0
6141d6569cbada84a86769a1,0
6141eaadee0a3fd43fb47d37,0
6141cfa131cf3ef3d4a9edba,0
6141d7af4e27a1844a5f0216,0
6141dfdb31cf3ef3d4a9f02c,0
6141d40031cf3ef3d4a9eed8,0
614203d64e27a1844a5f052e,0
6141d01e4e27a1844a5f00ae,0
6143445331cf3ef3d4a9f71c,0
6141f07f4e27a1844a5f0436,0
6141cf231d648932fbc342a3,0
6142615131cf3ef3d4a9f4b8,0
6141cf1931cf3ef3d4a9ed48,0
614281114e27a1844a5f082e,0
6141e918ee0a3fd43fb47d21,0
6141f57cee0a3fd43fb47db5,0
614245efee0a3fd43fb47f15,0
614250d73ac25c70a5c6cb77,0
6141fc5eee0a3fd43fb47df7,0
6141d5379cbada84a8676979,0
61422c564e27a1844a5f0686,0
6143da0e3ac25c70a5c6cd43,0
6141f4a131cf3ef3d4a9f178,0
6141ff704e27a1844a5f0506,0
6141d8ca31cf3ef3d4a9ef80,0
61425e70baaf234b352906cc,0
6141d3164e27a1844a5f016a,0
6141e49b4e27a1844a5f0364,0
6141e64d31cf3ef3d4a9f0a4,0
6141d31aee0a3fd43fb47b37,0
6141dfd79cbada84a8676a81,0
6141d2f3baaf234b352902ca,0
6143133e31cf3ef3d4a9f6d2,0
61422ef3baaf234b35290652,0
6141d9dabaaf234b3529039a,0
614223a53ac25c70a5c6cae7,0
6141d78b31cf3ef3d4a9ef5a,0
6142763c4e27a1844a5f0806,0
6141e9e131cf3ef3d4a9f0de,0
614348833ac25c70a5c6ccd7,0
6142a1c53ac25c70a5c6cc19,0
6141dc879cbada84a8676a41,0
6141dfa4baaf234b35290402,0
6141f63a4e27a1844a5f048a,0
6142c7733ac25c70a5c6cc41,0
6141d0aaee0a3fd43fb47ab3,0
6141d96d31cf3ef3d4a9ef90,0
61422b8831cf3ef3d4a9f38a,0
61421d15baaf234b35290606,0
6141d242ee0a3fd43fb47b11,0
6141d02c9cbada84a867687b,0
61421bf94e27a1844a5f060e,0
61438cee31cf3ef3d4a9f774,0
6142c6969cbada84a8676d79,0
6141d4934e27a1844a5f01ac,0
6141d0643ac25c70a5c6c88d,0
6141cfb63ac25c70a5c6c871,0
6141cf259cbada84a86767e1,0
6143696c4e27a1844a5f0a38,0
6141f1d431cf3ef3d4a9f150,0
6142091c31cf3ef3d4a9f260,0
6141cf2a31cf3ef3d4a9ed64,0
614577c93ac25c70a5c6cdbf,0
6141fdcb4e27a1844a5f04f0,0
61420c6f31cf3ef3d4a9f28a,0
6141cf7cbaaf234b352901e8,0
6141e3c49cbada84a8676ac9,0
61420032ee0a3fd43fb47e19,0
6141cf19a05be5973bd77a6f,0
6141d57c4e27a1844a5f01cc,0
6141da3fee0a3fd43fb47c17,0
61441fe83ac25c70a5c6cd61,0
6141cf1302d926221cabc549,0
6142008e9cbada84a8676bf1,0
614281ae4e27a1844a5f0830,0
61422116ee0a3fd43fb47eb9,0
6145c4e43ac25c70a5c6cdcd,0
6144bcd23ac25c70a5c6cd97,0
6141fdb59cbada84a8676bd9,0
61425e96ee0a3fd43fb47f45,0
6141db474e27a1844a5f0284,0
6141e66f9cbada84a8676af1,0
6142a7709cbada84a8676d75,0
6141fd7ebaaf234b3529055a,0
61421f183ac25c70a5c6cad1,0
614261b231cf3ef3d4a9f4ba,0
6141d40c31cf3ef3d4a9eeda,0
6141d1e73ac25c70a5c6c8b7,0
614411563ac25c70a5c6cd59,0
6141ea5ebaaf234b352904a6,0
6141e21eee0a3fd43fb47cb9,0
614331614e27a1844a5f09f6,0
61423c874e27a1844a5f06f0,0
6141cfab4e27a1844a5f007a,0
6141d0e2ee0a3fd43fb47ac1,0
6141e5dc3ac25c70a5c6c9ad,0
6141d020ee0a3fd43fb47a85,0
614244f1ee0a3fd43fb47f13,0
6141e720ee0a3fd43fb47d01,0
614211c4ee0a3fd43fb47e6f,0
6141e0569cbada84a8676a89,0
6141d07b31cf3ef3d4a9ee10,0
6141d4174e27a1844a5f0198,0
6141d32eee0a3fd43fb47b3b,0
6141dcd931cf3ef3d4a9efea,0
6141d9fc3ac25c70a5c6c93b,0
61426abd31cf3ef3d4a9f4ec,0
61437e12ee0a3fd43fb47f9d,0
6141d27f9cbada84a867690d,0
6142392331cf3ef3d4a9f3e4,0
614224e89cbada84a8676cab,0
6142e4d231cf3ef3d4a9f66e,0
6141d15dee0a3fd43fb47adf,0
6142639331cf3ef3d4a9f4ca,0
6141d3b431cf3ef3d4a9eeca,0
6141d1de4e27a1844a5f012e,0
614275a34e27a1844a5f0804,0
6141eb4e4e27a1844a5f03e0,0
6141e15f31cf3ef3d4a9f050,0
6141eaf5ee0a3fd43fb47d3d,0
61424e524e27a1844a5f0758,0
6142a3c0ee0a3fd43fb47f79,0
6141e426ee0a3fd43fb47cdb,0
6141d9073ac25c70a5c6c92f,0
6141d91ebaaf234b35290386,0
6141f377baaf234b3529050e,0
614661c53ac25c70a5c6cdd9,0
6141d9fd31cf3ef3d4a9ef9e,0
614209ab31cf3ef3d4a9f268,0
6141d19d31cf3ef3d4a9ee5e,0
6142d9c44e27a1844a5f094e,0
6141e87331cf3ef3d4a9f0c8,0
6141e7654e27a1844a5f03a0,0
6141e3e3ee0a3fd43fb47cd5,0
61433fe1baaf234b35290742,0
6141d6d69cbada84a86769b1,0
6141d32bbaaf234b352902d4,0
6141cf16cc0e69a0cf28ab43,0
6141e90a31cf3ef3d4a9f0d2,0
6141eb13ee0a3fd43fb47d3f,0
6141cf14cc0e69a0cf28ab3f,0
6141d4739cbada84a867695d,0
6141d3c4baaf234b352902ea,0
614359553ac25c70a5c6cced,0
61420a94baaf234b352905b2,0
6141d4bdbaaf234b3529030c,0
6141e949baaf234b35290496,0
6141cf3f9cbada84a86767ff,0
614222a94e27a1844a5f0640,0
6141d3d2ee0a3fd43fb47b55,0
6141cf5e3ac25c70a5c6c85d,0
614254064e27a1844a5f077c,0
61426c604e27a1844a5f07de,0
6141f62e31cf3ef3d4a9f18a,0
6142341931cf3ef3d4a9f3c0,0
614286f04e27a1844a5f084c,0
6141f55d31cf3ef3d4a9f182,0
6141cfdcbaaf234b35290212,0
6141d8584e27a1844a5f022c,0
61427f064e27a1844a5f0828,0
61426d0b3ac25c70a5c6cbbf,0
6144e7b13ac25c70a5c6cda5,0
6141dc773ac25c70a5c6c953,0
614285654e27a1844a5f0846,0
6141d3b23ac25c70a5c6c8dd,0
6141f8f03ac25c70a5c6ca2d,0
6141d3e39cbada84a8676947,0
614316123ac25c70a5c6cc9f,0
6141d4cd9cbada84a8676969,0
61420de031cf3ef3d4a9f294,0
6141e2f64e27a1844a5f0344,0
614411684e27a1844a5f0a98,0
6141ffe29cbada84a8676bed,0
61421fdc9cbada84a8676c97,0
6141fd803ac25c70a5c6ca47,0
6141cf60baaf234b352901d8,0
6141d0ceee0a3fd43fb47abb,0
6141ed849cbada84a8676b43,0
6141d132ee0a3fd43fb47ad5,0
6141f4354e27a1844a5f046c,0
6141cf8fbaaf234b352901f0,0
6141d58aee0a3fd43fb47b97,0
6141df6dee0a3fd43fb47c8b,0
6147b6243ac25c70a5c6cdf5,0
614321b44e27a1844a5f09da,0
614250a3ee0a3fd43fb47f31,0
6141dae59cbada84a8676a1b,0
6141e92a9cbada84a8676b13,0
6141cfef9cbada84a8676865,0
6141cf634e27a1844a5f0050,0
61422f119cbada84a8676cc3,0
6141d5773ac25c70a5c6c8fb,0
61420c9f31cf3ef3d4a9f28c,0
6141da20baaf234b352903a2,0
614236d23ac25c70a5c6cb2b,0
6141f8d39cbada84a8676bb1,0
6141d9c2ee0a3fd43fb47c09,0
6141f72dbaaf234b3529052e,0
6141fd8931cf3ef3d4a9f1de,0
6142f01c3ac25c70a5c6cc7b,0
6141e392ee0a3fd43fb47ccf,0
614226dcbaaf234b35290638,0
6144391c31cf3ef3d4a9f7e4,0
61422524baaf234b3529062e,0
6141d9474e27a1844a5f0246,0
6141e81d9cbada84a8676b07,0
614232fa31cf3ef3d4a9f3b8,0
6141d26cbaaf234b352902b2,0
6141d0a84e27a1844a5f00de,0
6141d21dbaaf234b352902a2,0
614225364e27a1844a5f0654,0
61422c9fbaaf234b3529064e,0
6142985231cf3ef3d4a9f59e,0
6141d27231cf3ef3d4a9ee8e,0
6141fce93ac25c70a5c6ca45,0
6142648a9cbada84a8676d3f,0
614241524e27a1844a5f070c,0
61429e914e27a1844a5f08ae,0
6141e39b9cbada84a8676ac5,0
6149087231cf3ef3d4a9f848,0
6141d2f231cf3ef3d4a9eea8,0
61431bab4e27a1844a5f09d0,0
6141cfc9ee0a3fd43fb47a65,0
6141d280baaf234b352902b6,0
6141d2a9baaf234b352902be,0
61434c5f3ac25c70a5c6ccdb,0
6142aa743ac25c70a5c6cc27,0
6141da7031cf3ef3d4a9efac,0
6141d69431cf3ef3d4a9ef3a,0
6141f73b31cf3ef3d4a9f196,0
6141e7199cbada84a8676af9,0
6141d0b1baaf234b35290256,0
61420bdc31cf3ef3d4a9f282,0
614349994e27a1844a5f0a18,0
6141f8669cbada84a8676bab,0
6141d2014e27a1844a5f0136,0
6142965e31cf3ef3d4a9f596,0
6141d2febaaf234b352902cc,0
614310b94e27a1844a5f09be,0
6141f91d31cf3ef3d4a9f1ae,0
61428d7d3ac25c70a5c6cbf9,0
6141d63331cf3ef3d4a9ef2c,0
6141de0c4e27a1844a5f02d2,0
614213489cbada84a8676c71,0
61421c9f4e27a1844a5f0612,0
6141da30ee0a3fd43fb47c15,0
61420a554e27a1844a5f0570,0
6141ee4d4e27a1844a5f0410,0
6141d20d9cbada84a86768f5,0
6142067f31cf3ef3d4a9f240,0
6142aaf24e27a1844a5f08d6,0
6141eb78ee0a3fd43fb47d47,0
6141cfce9cbada84a8676857,0
61437c3f3ac25c70a5c6cd03,0
614227844e27a1844a5f0664,0
614258b34e27a1844a5f0792,0
6141e1b231cf3ef3d4a9f056,0
6141d34d31cf3ef3d4a9eeb8,0
6142254f3ac25c70a5c6caed,0
6141e23c31cf3ef3d4a9f060,0
6141d18d31cf3ef3d4a9ee5a,0
6141d4e431cf3ef3d4a9eefe,0
6141d7abee0a3fd43fb47bd5,0
6143be0c4e27a1844a5f0a78,0
61428c6231cf3ef3d4a9f570,0
614267c1baaf234b352906d6,0
6141d6a1baaf234b35290346,0
6141cf1e3ac25c70a5c6c843,0
6142214e4e27a1844a5f0634,0
614271ee31cf3ef3d4a9f504,0
6141d7fa31cf3ef3d4a9ef66,0
614256ab4e27a1844a5f078a,0
6141e31a4e27a1844a5f0346,0
614263c331cf3ef3d4a9f4cc,0
6141cfbbee0a3fd43fb47a5f,0
614215bf3ac25c70a5c6caaf,0
614210104e27a1844a5f05a6,0
6142ccec3ac25c70a5c6cc49,0
6141d06fee0a3fd43fb47aa1,0
614206dc4e27a1844a5f054c,0
6141dff0baaf234b35290406,0
6142213531cf3ef3d4a9f338,0
6141feb33ac25c70a5c6ca4f,0
614211169cbada84a8676c6b,0
6141fd6b4e27a1844a5f04ea,0
6141f29331cf3ef3d4a9f15c,0
614356a94e27a1844a5f0a22,0
61429d60ee0a3fd43fb47f73,0
6142cd6d4e27a1844a5f0934,0
614205404e27a1844a5f053e,0
61423acaee0a3fd43fb47f01,0
6141d410ee0a3fd43fb47b5f,0
6141d81a9cbada84a86769d5,0
6141cf87ee0a3fd43fb47a45,0
61426ec831cf3ef3d4a9f4fc,0
6142a7cb31cf3ef3d4a9f5ca,0
6141d1e3baaf234b35290298,0
6141d4784e27a1844a5f01a8,0
614300d8baaf234b3529073c,0
6141d058ee0a3fd43fb47a99,0
6141db5ebaaf234b352903ba,0
6141d0f53ac25c70a5c6c89f,0
6141e5aabaaf234b3529045a,0
6141f78c4e27a1844a5f049a,0
6143273231cf3ef3d4a9f6f0,0
6142dc664e27a1844a5f0956,0
6141d7604e27a1844a5f020e,0
61420558ee0a3fd43fb47e2d,0
61420ad94e27a1844a5f0578,0
6141e125ee0a3fd43fb47ca7,0
6141d06f31cf3ef3d4a9ee0c,0
614284d331cf3ef3d4a9f552,0
614200be9cbada84a8676bf3,0
614224409cbada84a8676ca7,0
6141eeba4e27a1844a5f0418,0
6141def24e27a1844a5f02ea,0
6141da5f31cf3ef3d4a9efaa,0
6145ae7f3ac25c70a5c6cdc7,0
6141fe3f31cf3ef3d4a9f1e6,0
61423a614e27a1844a5f06de,0
6141e0374e27a1844a5f0308,0
6141ef059cbada84a8676b59,0
6142f47c9cbada84a8676d7f,0
6141ec214e27a1844a5f03ea,0
614451783ac25c70a5c6cd73,0
6141cf2f9cbada84a86767ed,0
61425c974e27a1844a5f07a8,0
6142269431cf3ef3d4a9f364,0
6141d83331cf3ef3d4a9ef6c,0
6142218731cf3ef3d4a9f33c,0
6141fcdb4e27a1844a5f04e4,0
6141d2e14e27a1844a5f0160,0
6142c5a531cf3ef3d4a9f61a,0
6141d0f1baaf234b35290266,0
6142096231cf3ef3d4a9f264,0
614290554e27a1844a5f0876,0
6141d4269cbada84a8676951,0
6141dc6abaaf234b352903c8,0
6141d404ee0a3fd43fb47b5d,0
6141dbd14e27a1844a5f0292,0
6142504931cf3ef3d4a9f45a,0
6141e97dbaaf234b3529049a,0
614235973ac25c70a5c6cb25,0
6141cf4831cf3ef3d4a9ed82,0
6141cf7d9cbada84a867682d,0
61421b3031cf3ef3d4a9f302,0
6141d058baaf234b3529023c,0
6141cf22baaf234b352901a0,0
6141f93c31cf3ef3d4a9f1b0,0
6141fa6e4e27a1844a5f04c4,0
6142424a3ac25c70a5c6cb4d,0
61423d29ee0a3fd43fb47f05,0
6141f58c9cbada84a8676b95,0
614235f5ee0a3fd43fb47ef3,0
61422f384e27a1844a5f069a,0
6141e432baaf234b35290446,0
6141d9b3ee0a3fd43fb47c07,0
61423278ee0a3fd43fb47ee7,0
6141e3734e27a1844a5f034c,0
6141cf1e9cbada84a86767d3,0
6141d9564e27a1844a5f0248,0
6141ed6931cf3ef3d4a9f110,0
6142126abaaf234b352905d2,0
61426e803ac25c70a5c6cbc5,0
6141dc91ee0a3fd43fb47c55,0
6142643431cf3ef3d4a9f4ce,0
6141cf1d1d648932fbc3429b,0
6141d2fd9cbada84a8676921,0
614222d53ac25c70a5c6cae3,0
6142198bee0a3fd43fb47e8f,0
6141e25131cf3ef3d4a9f062,0
6141d7429cbada84a86769bd,0
6141d4d9baaf234b35290310,0
61420a16ee0a3fd43fb47e49,0
6142ea1f4e27a1844a5f0976,0
6141eb9b3ac25c70a5c6c9d5,0
6141d40c4e27a1844a5f0196,0
6141d85131cf3ef3d4a9ef70,0
6141d36e9cbada84a8676935,0
6141cf1569b0784ffcf8f855,0
6142ba3031cf3ef3d4a9f600,0
6141da203ac25c70a5c6c93d,0
6141d7174e27a1844a5f0204,0
6142287f4e27a1844a5f066c,0
614223f94e27a1844a5f064c,0
6141fd34baaf234b35290556,0
61420d6bbaaf234b352905bc,0
61431e5931cf3ef3d4a9f6e0,0
6141d8da31cf3ef3d4a9ef82,0
6141d2a931cf3ef3d4a9ee9a,0
6141d6ec4e27a1844a5f0200,0
6141e901ee0a3fd43fb47d1f,0
6141d9204e27a1844a5f0244,0
6141ef4e9cbada84a8676b5d,0
6141eef04e27a1844a5f041c,0
6142ee1431cf3ef3d4a9f682,0
6141fd58ee0a3fd43fb47dfd,0
6141e411ee0a3fd43fb47cd9,0
6141efd33ac25c70a5c6c9f3,0
614309ca31cf3ef3d4a9f6c4,0
61433eb631cf3ef3d4a9f712,0
6142880231cf3ef3d4a9f560,0
6141e6b4baaf234b3529046c,0
6141df4931cf3ef3d4a9f020,0
6141e9ae9cbada84a8676b1d,0
6142565cbaaf234b352906c0,0
61426a4cee0a3fd43fb47f57,0
61420025baaf234b35290572,0
6141ffa131cf3ef3d4a9f1fa,0
61431e904e27a1844a5f09d6,0
6143386031cf3ef3d4a9f70c,0
6141f8cd4e27a1844a5f04ac,0
614209b54e27a1844a5f056a,0
6141d89d31cf3ef3d4a9ef7a,0
6141cf474e27a1844a5f003a,0
6141d66b9cbada84a86769a3,0
6142f18d31cf3ef3d4a9f690,0
6141dfc731cf3ef3d4a9f02a,0
6141f10e31cf3ef3d4a9f144,0
614349dc31cf3ef3d4a9f728,0
614270433ac25c70a5c6cbc9,0
6141d2824e27a1844a5f014e,0
6141d9169cbada84a86769ef,0
61436b0a3ac25c70a5c6ccf7,0
61428af4baaf234b35290700,0
6142544031cf3ef3d4a9f474,0
6141db6fee0a3fd43fb47c35,0
61423f239cbada84a8676ce7,0
6141d1b531cf3ef3d4a9ee64,0
614225ae3ac25c70a5c6caef,0
6143a28631cf3ef3d4a9f77e,0
6141d76f31cf3ef3d4a9ef56,0
6141eed9baaf234b352904e2,0
6142ee024e27a1844a5f0980,0
6142f46931cf3ef3d4a9f698,0
6141d79dbaaf234b35290362,0
6143338031cf3ef3d4a9f704,0
6142405b31cf3ef3d4a9f40a,0
6141d14d31cf3ef3d4a9ee4a,0
6141f7ef4e27a1844a5f04a0,0
6141d15531cf3ef3d4a9ee4c,0
6141dd849cbada84a8676a55,0
6141ee674e27a1844a5f0412,0
6141e7c84e27a1844a5f03a8,0
6141fc6c9cbada84a8676bd3,0
6142071831cf3ef3d4a9f246,0
61421aa831cf3ef3d4a9f2fc,0
6143059f31cf3ef3d4a9f6be,0
6141fa19ee0a3fd43fb47de3,0
6141d3bdee0a3fd43fb47b51,0
6141d2bebaaf234b352902c2,0
614374f13ac25c70a5c6cd01,0
6141f394baaf234b35290510,0
6141cf1469b0784ffcf8f853,0
6141db2cbaaf234b352903b6,0
6141e1cc9cbada84a8676aa7,0
6143008a4e27a1844a5f09a6,0
614351d34e27a1844a5f0a20,0
6141cf83ee0a3fd43fb47a43,0
614205dc9cbada84a8676c21,0
6142a0dd4e27a1844a5f08b8,0
6142e22fbaaf234b35290734,0
6141f0a33ac25c70a5c6c9f7,0
614412ee4e27a1844a5f0a9a,0
6141cf2c3ac25c70a5c6c84b,0
6141f94f9cbada84a8676bb9,0
61423e9e3ac25c70a5c6cb47,0
6141cf1e1d648932fbc3429d,0
614633e63ac25c70a5c6cdd3,0
6141e5ae31cf3ef3d4a9f098,0
614359159cbada84a8676d87,0
6141dfe23ac25c70a5c6c977,0
6141dea6ee0a3fd43fb47c81,0
6141d2ebee0a3fd43fb47b2f,0
6141d0a131cf3ef3d4a9ee1c,0
6141eafe9cbada84a8676b29,0
6143491631cf3ef3d4a9f726,0
614232514e27a1844a5f06ac,0
6142ee4b3ac25c70a5c6cc75,0
61423a6e31cf3ef3d4a9f3ee,0
6141d00f31cf3ef3d4a9edea,0
6141e70ebaaf234b35290472,0
614299fd31cf3ef3d4a9f5a4,0
614215394e27a1844a5f05d6,0
6141f0c2ee0a3fd43fb47d85,0
6144425b4e27a1844a5f0ab6,0
6142730d3ac25c70a5c6cbd3,0
6141f35e4e27a1844a5f0460,0
6141d8724e27a1844a5f0230,0
61422487baaf234b35290628,0
61429ad94e27a1844a5f08a4,0
61420f0231cf3ef3d4a9f2a2,0
6143b0079cbada84a8676d8b,0
6141f813ee0a3fd43fb47dd1,0
6141cf9d9cbada84a867683f,0
61439247ee0a3fd43fb47f9f,0
6142321231cf3ef3d4a9f3b4,0
6141e3874e27a1844a5f034e,0
614207753ac25c70a5c6ca77,0
6141da9e9cbada84a8676a13,0
6141d5ab31cf3ef3d4a9ef18,0
6141dca6baaf234b352903ce,0
6141f7ea31cf3ef3d4a9f19e,0
6142235a4e27a1844a5f0644,0
61423cb14e27a1844a5f06f2,0
6141d30731cf3ef3d4a9eeac,0
6141d2263ac25c70a5c6c8bd,0
6141ebfb4e27a1844a5f03e8,0
6141d29631cf3ef3d4a9ee96,0
6142a51a4e27a1844a5f08c6,0
6141dc08ee0a3fd43fb47c47,0
6142859e31cf3ef3d4a9f558,0
6141ff8031cf3ef3d4a9f1f8,0
614250b24e27a1844a5f0768,0
6142078c9cbada84a8676c2f,0
6141e2609cbada84a8676ab1,0
6141d1b59cbada84a86768e5,0
6141d0529cbada84a8676887,0
614233a89cbada84a8676ccb,0
6141daa7baaf234b352903ae,0
6141cf194e27a1844a5efffc,0
61428edc4e27a1844a5f086e,0
6141cf2069b0784ffcf8f865,0
61421da5ee0a3fd43fb47ea7,0
6141d0cf31cf3ef3d4a9ee2a,0
6141db7d9cbada84a8676a29,0
6141eaac4e27a1844a5f03d6,0
6144a45c4e27a1844a5f0ace,0
6141e8c331cf3ef3d4a9f0ce,0
6141cf983ac25c70a5c6c86b,0
6141d30abaaf234b352902ce,0
61427db69cbada84a8676d57,0
6141d3644e27a1844a5f0178,0
6141e1799cbada84a8676aa1,0
614287784e27a1844a5f084e,0
6142076d9cbada84a8676c2d,0
61421d2f4e27a1844a5f0614,0
6141cf2b4e27a1844a5f001e,0
6141d1844e27a1844a5f0118,0
614235d2baaf234b3529066e,0
6141d5509cbada84a867697b,0
6142eb2331cf3ef3d4a9f67c,0
6141d141baaf234b3529027a,0
6141d2e23ac25c70a5c6c8cd,0
614287a931cf3ef3d4a9f55e,0
61424a0331cf3ef3d4a9f436,0
614315234e27a1844a5f09c2,0
6141cff73ac25c70a5c6c87d,0
6141e12fbaaf234b35290416,0
6141cfe6ee0a3fd43fb47a6f,0
61421c213ac25c70a5c6cac5,0
6143abb231cf3ef3d4a9f786,0
614289aeee0a3fd43fb47f6b,0
614377ff4e27a1844a5f0a46,0
6141d065baaf234b35290240,0
61423409baaf234b35290666,0
6144a8fb3ac25c70a5c6cd8b,0
6141cf1a4e27a1844a5f0002,0
6141f52331cf3ef3d4a9f17e,0
6141f471baaf234b35290518,0
6141cf7e4e27a1844a5f0062,0
6141d1079cbada84a86768b9,0
6142ff0f4e27a1844a5f09a2,0
6142ffab31cf3ef3d4a9f6b0,0
6141fa76ee0a3fd43fb47de7,0
6141d7c59cbada84a86769cd,0
6141e4e04e27a1844a5f036a,0
6141d5ef31cf3ef3d4a9ef22,0
6141e9eb3ac25c70a5c6c9cb,0
6142ae7d31cf3ef3d4a9f5dc,0
6143160731cf3ef3d4a9f6d6,0
6141cf1abaaf234b35290192,0
6141cf1fa05be5973bd77a79,0
61431ecf4e27a1844a5f09d8,0
614268db31cf3ef3d4a9f4e4,0
6142deb54e27a1844a5f095c,0
6146f6363ac25c70a5c6cdf1,0
6141e11d31cf3ef3d4a9f04a,0
614218363ac25c70a5c6cab3,0
614256113ac25c70a5c6cb89,0
61458cf84e27a1844a5f0aea,0
614239139cbada84a8676cd7,0
6141ebe2baaf234b352904bc,0
6141cf3f1d648932fbc342a9,0
61445327baaf234b35290752,0
614272454e27a1844a5f07f8,0
61420577ee0a3fd43fb47e2f,0
6141cf17ee0a3fd43fb479df,0
6142eccd4e27a1844a5f097c,0
61421cc331cf3ef3d4a9f310,0
6141cf58ee0a3fd43fb47a29,0
6141d80831cf3ef3d4a9ef68,0
6142052e31cf3ef3d4a9f234,0
6142578331cf3ef3d4a9f490,0
6141dd09ee0a3fd43fb47c61,0
61420bb24e27a1844a5f0582,0
6142250a9cbada84a8676cad,0
61425eb84e27a1844a5f07b0,0
614248959cbada84a8676cfb,0
6141ec61baaf234b352904c0,0
614262f63ac25c70a5c6cba7,0
614208a94e27a1844a5f055e,0
6141e15a4e27a1844a5f031e,0
61421c4f9cbada84a8676c91,0
6141ed78ee0a3fd43fb47d5b,0
614210584e27a1844a5f05aa,0
6141cf17a05be5973bd77a6b,0
6142098631cf3ef3d4a9f266,0
6141cf1b1d648932fbc34299,0
6141ebfcee0a3fd43fb47d4b,0
614274164e27a1844a5f07fe,0
6141f22dee0a3fd43fb47d91,0
6141d596ee0a3fd43fb47b99,0
6142bf2e4e27a1844a5f090e,0
61424be531cf3ef3d4a9f442,0
61450d0331cf3ef3d4a9f818,0
6141dadc31cf3ef3d4a9efb8,0
6141cfa44e27a1844a5f0076,0
6141eb60ee0a3fd43fb47d45,0
6141d0bc4e27a1844a5f00e4,0
61424e303ac25c70a5c6cb6d,0
6142805d31cf3ef3d4a9f544,0
61427d0f9cbada84a8676d55,0
61420efdbaaf234b352905ca,0
6141e8e09cbada84a8676b11,0
614213fb3ac25c70a5c6caab,0
6141d0234e27a1844a5f00b0,0
6141fc9f3ac25c70a5c6ca43,0
6142ec0c31cf3ef3d4a9f67e,0
6141d5fc9cbada84a8676993,0
61428d5b4e27a1844a5f0868,0
6141cfc4ee0a3fd43fb47a63,0
6141d4f9ee0a3fd43fb47b7f,0
61429a794e27a1844a5f08a2,0
6141f5e34e27a1844a5f0484,0
6141efe2baaf234b352904ee,0
614204e931cf3ef3d4a9f230,0
6141d4c24e27a1844a5f01b4,0
614214964e27a1844a5f05d0,0
6141cfd6ee0a3fd43fb47a6b,0
614425294e27a1844a5f0aaa,0
614234084e27a1844a5f06b8,0
61439f574e27a1844a5f0a62,0
61420a1c31cf3ef3d4a9f26e,0
6142543c4e27a1844a5f077e,0
6141d76dbaaf234b3529035c,0
6142399231cf3ef3d4a9f3e8,0
61431a2d3ac25c70a5c6cca5,0
614218e63ac25c70a5c6cab7,0
6141d1adbaaf234b3529028e,0
6141d8224e27a1844a5f0224,0
614211af31cf3ef3d4a9f2ba,0
6141f27731cf3ef3d4a9f15a,0
6141d1319cbada84a86768c5,0
6141cf689cbada84a867681f,0
61444e083ac25c70a5c6cd71,0
6141cf559cbada84a8676811,0
6141d21c9cbada84a86768f7,0
6143006631cf3ef3d4a9f6b4,0
6142c0a54e27a1844a5f0916,0
6141d1224e27a1844a5f0100,0
614214284e27a1844a5f05cc,0
6142a65b4e27a1844a5f08ce,0
6142563f31cf3ef3d4a9f484,0
6141d3e0ee0a3fd43fb47b57,0
614206a131cf3ef3d4a9f242,0
6142289d31cf3ef3d4a9f370,0
61432a194e27a1844a5f09ea,0
6141d5049cbada84a8676971,0
6142d0eb31cf3ef3d4a9f63a,0
6141f6b89cbada84a8676b9d,0
6141dbc7baaf234b352903c2,0
6142087331cf3ef3d4a9f258,0
614229d94e27a1844a5f0670,0
614229ecbaaf234b35290642,0
6141cf8a9cbada84a8676835,0
61426f409cbada84a8676d4b,0
6141eeaf31cf3ef3d4a9f122,0
6141cf451d648932fbc342ab,0
6142b150ee0a3fd43fb47f7d,0
614250434e27a1844a5f0766,0
61426daf4e27a1844a5f07e4,0
614208ad3ac25c70a5c6ca7d,0
6141e50c3ac25c70a5c6c9a5,0
6141e8b54e27a1844a5f03b6,0
61420670ee0a3fd43fb47e33,0
6141d0c331cf3ef3d4a9ee26,0
6141d4469cbada84a8676955,0
614299bebaaf234b35290710,0
61420815baaf234b352905aa,0
6146bf7e3ac25c70a5c6cde5,0
6142169831cf3ef3d4a9f2de,0
614273aeee0a3fd43fb47f5d,0
6141cf0efbfd4bd9ab2c2f7e,0
61422ccd31cf3ef3d4a9f390,0
6141db82baaf234b352903be,0
6141d1589cbada84a86768cf,0
6141cf364e27a1844a5f002a,0
6141dc629cbada84a8676a3d,0
6141e5c531cf3ef3d4a9f09a,0
6142c73f31cf3ef3d4a9f624,0
6142a27331cf3ef3d4a9f5ba,0
6141feba9cbada84a8676be1,0
6141e6ef4e27a1844a5f0396,0
614212e73ac25c70a5c6caa7,0
6141d204baaf234b3529029e,0
614272e531cf3ef3d4a9f50a,0
6141e336baaf234b35290438,0
6141d9c04e27a1844a5f0256,0
6141cfc151c1cbd9654b8888,0
6141cf7531cf3ef3d4a9eda0,0
6141e660baaf234b35290468,0
6144036731cf3ef3d4a9f7c8,0
614262a531cf3ef3d4a9f4c2,0
6141dc3bbaaf234b352903c6,0
6141dd794e27a1844a5f02c2,0
6141d7d531cf3ef3d4a9ef62,0
6141cfa8ee0a3fd43fb47a57,0
6141d320baaf234b352902d2,0
61426dea31cf3ef3d4a9f4f8,0
6141d0c3ee0a3fd43fb47ab9,0
6141d2c54e27a1844a5f015c,0
614324ca31cf3ef3d4a9f6ec,0
6141ff304e27a1844a5f0502,0
614255d431cf3ef3d4a9f480,0
6141e5f031cf3ef3d4a9f09c,0
61422d9cee0a3fd43fb47ee1,0
6141f23f31cf3ef3d4a9f156,0
6141eb6fbaaf234b352904b4,0
6142074aee0a3fd43fb47e37,0
6141e5e79cbada84a8676ae9,0
6144312931cf3ef3d4a9f7de,0
6141eed54e27a1844a5f041a,0
6141dbed9cbada84a8676a31,0
61423b6a4e27a1844a5f06e6,0
6141ee229cbada84a8676b49,0
6141cf5b4e27a1844a5f004a,0
6141e2a5ee0a3fd43fb47cc3,0
6141ee3c3ac25c70a5c6c9e7,0
614233983ac25c70a5c6cb21,0
61459ea04e27a1844a5f0af4,0
6141cf34b842c2e72e2f2d64,0
614521924e27a1844a5f0ae2,0
6141ef9a4e27a1844a5f0426,0
6141d62c4e27a1844a5f01e4,0
6141d77d31cf3ef3d4a9ef58,0
614226e94e27a1844a5f065e,0
61424a0f9cbada84a8676d03,0
61420e2a4e27a1844a5f0598,0
6141d9b14e27a1844a5f0254,0
6141fe1c31cf3ef3d4a9f1e4,0
6141d6c89cbada84a86769af,0
61421d84baaf234b3529060a,0
6141d01931cf3ef3d4a9edee,0
6141d1dabaaf234b35290296,0
6142270ebaaf234b3529063a,0
614246aa31cf3ef3d4a9f424,0
6141dd684e27a1844a5f02c0,0
61450fc43ac25c70a5c6cdb1,0
6142e95931cf3ef3d4a9f676,0
61420ab23ac25c70a5c6ca87,0
614257423ac25c70a5c6cb8d,0
6141d6dcbaaf234b3529034e,0
614250134e27a1844a5f0764,0
6141d85b9cbada84a86769dd,0
6143add84e27a1844a5f0a6e,0
614267eebaaf234b352906d8,0
614220844e27a1844a5f062a,0
6143aa554e27a1844a5f0a6a,0
6142519c31cf3ef3d4a9f466,0
614208583ac25c70a5c6ca7b,0
6141d42831cf3ef3d4a9eede,0
6141cf6bbaaf234b352901de,0
6143444d4e27a1844a5f0a10,0
61422d134e27a1844a5f068e,0
6141d65cbaaf234b3529033e,0
6141fa504e27a1844a5f04c2,0
6141d84231cf3ef3d4a9ef6e,0
61441f2c31cf3ef3d4a9f7d6,0
6143efc23ac25c70a5c6cd47,0
6141e43e4e27a1844a5f035c,0
6141cf76cc0e69a0cf28ab67,0
6141e3299cbada84a8676abd,0
6141cf1c69b0784ffcf8f863,0
6142077f31cf3ef3d4a9f24c,0
6141d147ee0a3fd43fb47ad9,0
61428a1f31cf3ef3d4a9f566,0
6141ddb231cf3ef3d4a9effe,0
6145917b4e27a1844a5f0aec,0
6141dd43ee0a3fd43fb47c67,0
6141d966ee0a3fd43fb47c01,0
6141cfea9cbada84a8676863,0
6141cfbf3ac25c70a5c6c873,0
6141f6824e27a1844a5f048e,0
61429a229cbada84a8676d71,0
6141d24bee0a3fd43fb47b13,0
6141d1daee0a3fd43fb47af9,0
61432a393ac25c70a5c6ccb5,0
6141d2b9ee0a3fd43fb47b27,0
6142220431cf3ef3d4a9f342,0
6142dca4baaf234b35290730,0
61422fae4e27a1844a5f069e,0
61441ffa4e27a1844a5f0aa6,0
6141cfa431cf3ef3d4a9edbc,0
6141dba0ee0a3fd43fb47c3b,0
6141d9dc4e27a1844a5f025a,0
614250de4e27a1844a5f076a,0
6141dd1bee0a3fd43fb47c63,0
614267533ac25c70a5c6cbb1,0
6141ed1a4e27a1844a5f03fa,0
614231b6baaf234b3529065c,0
61446ae231cf3ef3d4a9f7f6,0
6142170a31cf3ef3d4a9f2e4,0
614251be9cbada84a8676d17,0
6149c48031cf3ef3d4a9f84a,0
6145973a4e27a1844a5f0af0,0
6141d8d6baaf234b35290380,0
6142f06dee0a3fd43fb47f8d,0
61426d624e27a1844a5f07e2,0
6141da8a31cf3ef3d4a9efae,0
614357bc31cf3ef3d4a9f73e,0
6141f6053ac25c70a5c6ca1d,0
6141cf234e27a1844a5f0014,0
6141ef349cbada84a8676b5b,0
614247cfbaaf234b3529069e,0
6142c4ef4e27a1844a5f091e,0
6141d41d31cf3ef3d4a9eedc,0
6143328031cf3ef3d4a9f700,0
61424d989cbada84a8676d11,0
6145179731cf3ef3d4a9f81c,0
6141d46abaaf234b35290302,0
6141f3cfbaaf234b35290514,0
6142fd2731cf3ef3d4a9f6aa,0
6141d182baaf234b35290286,0
6142035a31cf3ef3d4a9f220,0
61449abf31cf3ef3d4a9f7fe,0
6141cf7b31cf3ef3d4a9eda4,0
6141cf1ea05be5973bd77a77,0
6142384e4e27a1844a5f06d0,0
6141d0733ac25c70a5c6c88f,0
614340aa31cf3ef3d4a9f71a,0
6141e0ee3ac25c70a5c6c981,0
614241713ac25c70a5c6cb49,0
61425eef9cbada84a8676d31,0
6141ed9d9cbada84a8676b45,0
6141e4e89cbada84a8676ad9,0
6141dde7baaf234b352903e2,0
61432b744e27a1844a5f09ec,0
6141d00031cf3ef3d4a9ede4,0
6141ef143ac25c70a5c6c9ed,0
6141d108baaf234b3529026c,0
614208d6ee0a3fd43fb47e41,0
6141f3b131cf3ef3d4a9f16c,0
6141d1ebee0a3fd43fb47afd,0
61425b1631cf3ef3d4a9f4a2,0
614208f931cf3ef3d4a9f25e,0
6141d38b9cbada84a867693b,0
6141d08131cf3ef3d4a9ee12,0
6142057331cf3ef3d4a9f238,0
6141e644ee0a3fd43fb47cf3,0
61421af531cf3ef3d4a9f300,0
6141dc33ee0a3fd43fb47c4b,0
6141d9874e27a1844a5f024e,0
6141e6dfee0a3fd43fb47cfb,0
6141dbe4ee0a3fd43fb47c43,0
614224d831cf3ef3d4a9f354,0
6141e75bbaaf234b35290478,0
6141d3a931cf3ef3d4a9eec8,0
61424e0131cf3ef3d4a9f44c,0
6141d56031cf3ef3d4a9ef10,0
6144b0893ac25c70a5c6cd91,0
6141d181ee0a3fd43fb47ae7,0
614291714e27a1844a5f087c,0
6142b79c3ac25c70a5c6cc37,0
61420feb9cbada84a8676c67,0
6142463d4e27a1844a5f0722,0
61426e914e27a1844a5f07e8,0
6142b0de31cf3ef3d4a9f5e4,0
6141e7759cbada84a8676afd,0
6141d8e63ac25c70a5c6c92d,0
6141e3a6ee0a3fd43fb47cd1,0
6141cf354e27a1844a5f0028,0
6142a0184e27a1844a5f08b4,0
6141dd254e27a1844a5f02b8,0
6141d45d4e27a1844a5f01a4,0
6141e161ee0a3fd43fb47cab,0
6142e06c4e27a1844a5f0960,0
6143280131cf3ef3d4a9f6f2,0
6141f0e23ac25c70a5c6c9f9,0
61424af4ee0a3fd43fb47f27,0
6141d0e59cbada84a86768af,0
614201039cbada84a8676bf7,0
6141d6789cbada84a86769a5,0
61423dd43ac25c70a5c6cb45,0
614319b031cf3ef3d4a9f6da,0
61420d813ac25c70a5c6ca8f,0
6141d6af31cf3ef3d4a9ef3e,0
6141cf5931cf3ef3d4a9ed8e,0
6141cf5d4e27a1844a5f004c,0
61435bbb4e27a1844a5f0a28,0
61420adfbaaf234b352905b4,0
6141d0af4e27a1844a5f00e0,0
6141eecb9cbada84a8676b55,0
6141e82931cf3ef3d4a9f0c4,0
6141cf1e31cf3ef3d4a9ed52,0
6142fb4d4e27a1844a5f099a,0
6141d57431cf3ef3d4a9ef12,0
614252c4baaf234b352906b4,0
6142201aee0a3fd43fb47eb5,0
6141e03b3ac25c70a5c6c97b,0
6141d917ee0a3fd43fb47bf9,0
6141d14b4e27a1844a5f010a,0
6141d4a39cbada84a8676963,0
614291d44e27a1844a5f087e,0
614330cd9cbada84a8676d83,0
6141e81031cf3ef3d4a9f0c2,0
6141cfdf3ac25c70a5c6c879,0
61428cb0baaf234b35290704,0
6141cf9cbaaf234b352901f6,0
6141e321ee0a3fd43fb47cc9,0
614223b3ee0a3fd43fb47ec1,0
6142b60a31cf3ef3d4a9f5f6,0
6142b2654e27a1844a5f08ec,0
6141e02e9cbada84a8676a87,0
6141e6f5baaf234b35290470,0
6142557531cf3ef3d4a9f47c,0
6141cf8d4e27a1844a5f006a,0
6141fa5e31cf3ef3d4a9f1c0,0
6141d01bbaaf234b3529022a,0
61421e8831cf3ef3d4a9f320,0
6141d5fd3ac25c70a5c6c903,0
614231e431cf3ef3d4a9f3b2,0
6141d079baaf234b35290246,0
6141e7bcbaaf234b3529047e,0
614231029cbada84a8676cc9,0
614412b03ac25c70a5c6cd5b,0
6141ed339cbada84a8676b41,0
61421508ee0a3fd43fb47e7f,0
61425f434e27a1844a5f07b2,0
6141ed704e27a1844a5f0400,0
6141da1f31cf3ef3d4a9efa2,0
6141df683ac25c70a5c6c973,0
61420d5f4e27a1844a5f058e,0
61421a3731cf3ef3d4a9f2f8,0
6142186dbaaf234b352905f0,0
6142b625ee0a3fd43fb47f7f,0
6141f7159cbada84a8676ba1,0
6141dd7931cf3ef3d4a9eff8,0
6141d58a9cbada84a8676985,0
6141d541ee0a3fd43fb47b8b,0
614236003ac25c70a5c6cb27,0
6141dc7731cf3ef3d4a9efe4,0
6142d21f4e27a1844a5f0940,0
6141f8dd31cf3ef3d4a9f1aa,0
6141dd6731cf3ef3d4a9eff6,0
6141f07931cf3ef3d4a9f13a,0
6141cf39baaf234b352901ba,0
6141db6731cf3ef3d4a9efc6,0
6141e31f31cf3ef3d4a9f072,0
6141cffd4e27a1844a5f00a0,0
6142cca731cf3ef3d4a9f630,0
6141eb6131cf3ef3d4a9f0f6,0
6141d0d631cf3ef3d4a9ee2c,0
614300a531cf3ef3d4a9f6b6,0
61420dd83ac25c70a5c6ca91,0
61420e3e3ac25c70a5c6ca93,0
6141d2d3baaf234b352902c4,0
614252ae3ac25c70a5c6cb7b,0
6141d1b1ee0a3fd43fb47af3,0
6141fa173ac25c70a5c6ca35,0
61423659ee0a3fd43fb47ef5,0
6141cf3b31cf3ef3d4a9ed76,0
61421d0a31cf3ef3d4a9f312,0
614481394e27a1844a5f0ac6,0
6142353331cf3ef3d4a9f3c8,0
614517f14e27a1844a5f0ae0,0
61424e5cee0a3fd43fb47f2b,0
6142917231cf3ef3d4a9f586,0
6142019b31cf3ef3d4a9f20e,0
6141ed574e27a1844a5f03fe,0
6141d10b31cf3ef3d4a9ee3a,0
6145b3773ac25c70a5c6cdcb,0
61422badee0a3fd43fb47ed7,0
614279614e27a1844a5f0812,0
6141cf63ee0a3fd43fb47a31,0
6142ab764e27a1844a5f08d8,0
614338b54e27a1844a5f09fa,0
6141d4033ac25c70a5c6c8e3,0
6141eec831cf3ef3d4a9f124,0
614206fd4e27a1844a5f054e,0
614209f53ac25c70a5c6ca85,0
6141e6194e27a1844a5f0384,0
6141d15b4e27a1844a5f010e,0
6141d5c731cf3ef3d4a9ef1c,0
6141d04c4e27a1844a5f00c0,0
6142979931cf3ef3d4a9f59a,0
614318f34e27a1844a5f09ca,0
6142409d4e27a1844a5f0708,0
614203f74e27a1844a5f0530,0
6141e5413ac25c70a5c6c9a7,0
61422f14ee0a3fd43fb47ee3,0
6141d5dabaaf234b35290330,0
6142469f4e27a1844a5f0726,0
6141d25a9cbada84a8676905,0
61424f1e4e27a1844a5f075c,0
6141d1fcee0a3fd43fb47b01,0
6141d03abaaf234b35290232,0
6141d479ee0a3fd43fb47b6f,0
6141dd584e27a1844a5f02be,0
6142070fee0a3fd43fb47e35,0
61420f254e27a1844a5f059e,0
61429d0cbaaf234b35290716,0
6141d052baaf234b3529023a,0
6141ec43ee0a3fd43fb47d4f,0
6141fdcd3ac25c70a5c6ca49,0
6141db1a4e27a1844a5f027e,0
6141cfd031cf3ef3d4a9edd0,0
614274464e27a1844a5f0800,0
6141d04cbaaf234b35290238,0
614284074e27a1844a5f083a,0
6141d88031cf3ef3d4a9ef76,0
6141e01c31cf3ef3d4a9f032,0
61424f6d31cf3ef3d4a9f454,0
6144de9f3ac25c70a5c6cda1,0
6141d295ee0a3fd43fb47b23,0
6142718731cf3ef3d4a9f502,0
6141d4ebee0a3fd43fb47b7d,0
614356d73ac25c70a5c6cceb,0
6142ea7631cf3ef3d4a9f67a,0
6143a8a231cf3ef3d4a9f784,0
61421a419cbada84a8676c89,0
6141cf18cc0e69a0cf28ab47,0
6141ea15ee0a3fd43fb47d31,0
6141cf75baaf234b352901e4,0
6141dabb31cf3ef3d4a9efb4,0
6141e5599cbada84a8676ae1,0
6141f2eb4e27a1844a5f045a,0
6143b7d63ac25c70a5c6cd2b,0
61433eb44e27a1844a5f0a08,0
6141eaae9cbada84a8676b27,0
6141ee84ee0a3fd43fb47d65,0
6141cf1d02d926221cabc555,0
61426f3f31cf3ef3d4a9f4fe,0
614301263ac25c70a5c6cc8d,0
61426d61baaf234b352906de,0
6141cf1eb842c2e72e2f2d5c,0
6144e4d331cf3ef3d4a9f812,0
6141f615baaf234b35290524,0
6141f80831cf3ef3d4a9f1a0,0
6141cf1469b0784ffcf8f851,0
6142491f4e27a1844a5f0736,0
6141f61d4e27a1844a5f0488,0
614213413ac25c70a5c6caa9,0
6142073d4e27a1844a5f0552,0
61421b5931cf3ef3d4a9f304,0
6141dd1a3ac25c70a5c6c95b,0
6141dbfe9cbada84a8676a33,0
614271eb3ac25c70a5c6cbcf,0
6141e97e9cbada84a8676b19,0
6143258c4e27a1844a5f09e4,0
6142093f31cf3ef3d4a9f262,0
6142d96f4e27a1844a5f094c,0
6141d940baaf234b3529038a,0
61421f2c31cf3ef3d4a9f326,0
6141d692baaf234b35290344,0
6142b73bbaaf234b35290722,0
614233f3ee0a3fd43fb47eed,0
6142c9564e27a1844a5f092a,0
6141f8113ac25c70a5c6ca27,0
614237864e27a1844a5f06cc,0
6141d48331cf3ef3d4a9eeee,0
6141e09931cf3ef3d4a9f03e,0
6141de524e27a1844a5f02d8,0
6141d02b3ac25c70a5c6c885,0
6141d00c4e27a1844a5f00a6,0
6141f29a3ac25c70a5c6ca07,0
6141d1c89cbada84a86768e9,0
6141cfb3ee0a3fd43fb47a5b,0
6142b5594e27a1844a5f08f4,0
6142599f31cf3ef3d4a9f498,0
61428d2331cf3ef3d4a9f572,0
6141f6e031cf3ef3d4a9f192,0
61422acb31cf3ef3d4a9f382,0
61424528baaf234b35290698,0
61432e7b3ac25c70a5c6ccbb,0
6141d5f09cbada84a8676991,0
6141deecee0a3fd43fb47c85,0
6141d294baaf234b352902ba,0
6141d102ee0a3fd43fb47ac9,0
6142d47a31cf3ef3d4a9f640,0
6141d9da9cbada84a8676a03,0
6141cf504e27a1844a5f0042,0
6141f7143ac25c70a5c6ca21,0
6143d2cb3ac25c70a5c6cd3d,0
61420a954e27a1844a5f0574,0
6141e2c4baaf234b35290434,0
6141d31131cf3ef3d4a9eeae,0
6145b22e3ac25c70a5c6cdc9,0
6143a5533ac25c70a5c6cd23,0
6141d1094e27a1844a5f00fa,0
6141d529ee0a3fd43fb47b87,0
6141d36b31cf3ef3d4a9eebc,0
61422884ee0a3fd43fb47ecf,0
614501264e27a1844a5f0adc,0
614274e031cf3ef3d4a9f516,0
6141e2af4e27a1844a5f033e,0
6142c3584e27a1844a5f091a,0
6141e66431cf3ef3d4a9f0a6,0
6142f0ea31cf3ef3d4a9f68e,0
6141cf1cbaaf234b35290196,0
6141dec63ac25c70a5c6c96d,0
61428b9b4e27a1844a5f0864,0
6141d09a31cf3ef3d4a9ee1a,0
6141d76f3ac25c70a5c6c91b,0
6141cf27ee0a3fd43fb479fb,0
6141d8299cbada84a86769d7,0
6141d0639cbada84a867688b,0
6141d0d74e27a1844a5f00ec,0
6141e4bd9cbada84a8676ad5,0
6142c5914e27a1844a5f0922,0
6142d6c631cf3ef3d4a9f646,0
61433bcd4e27a1844a5f0a00,0
6142227e31cf3ef3d4a9f346,0
61424ad9baaf234b352906a6,0
6141fa30baaf234b35290542,0
61420dfbee0a3fd43fb47e5f,0
614212b6ee0a3fd43fb47e75,0
6141cf6131cf3ef3d4a9ed94,0
61424fcb31cf3ef3d4a9f456,0
6141d130cc0e69a0cf28ab6d,0
6141e00831cf3ef3d4a9f030,0
6141d9e1ee0a3fd43fb47c0d,0
6142820d4e27a1844a5f0832,0
6141d2c83ac25c70a5c6c8cb,0
6141d6e6ee0a3fd43fb47bbf,0
6142f30d31cf3ef3d4a9f694,0
6141cf3e4e27a1844a5f0032,0
6141cfb7ee0a3fd43fb47a5d,0
61422b684e27a1844a5f067c,0
614215934e27a1844a5f05da,0
6141f22c9cbada84a8676b75,0
6141fcf631cf3ef3d4a9f1d8,0
6141f38431cf3ef3d4a9f16a,0
6142884bbaaf234b352906f8,0
6141cf15ee0a3fd43fb479d9,0
614220739cbada84a8676c99,0
61422b373ac25c70a5c6cb05,0
6142348b9cbada84a8676ccd,0
6142a16831cf3ef3d4a9f5b8,0
614302d24e27a1844a5f09ac,0
61459b804e27a1844a5f0af2,0
6141dcdbbaaf234b352903d0,0
6141f1cb4e27a1844a5f0446,0
6141f1a03ac25c70a5c6c9ff,0
6142f3373ac25c70a5c6cc7f,0
6141d5884e27a1844a5f01ce,0
6141f3e631cf3ef3d4a9f16e,0
6141f9359cbada84a8676bb7,0
6141e07bbaaf234b3529040e,0
6141d047ee0a3fd43fb47a93,0
61423effee0a3fd43fb47f09,0
6141cf844e27a1844a5f0066,0
6141d8a44e27a1844a5f0236,0
6141de7931cf3ef3d4a9f010,0
614294044e27a1844a5f0884,0
614295834e27a1844a5f0886,0
614216e64e27a1844a5f05e8,0
61434e763ac25c70a5c6ccdf,0
6142046431cf3ef3d4a9f228,0
6142395031cf3ef3d4a9f3e6,0
6141d04cee0a3fd43fb47a95,0
6141d53e31cf3ef3d4a9ef0c,0
6142906e31cf3ef3d4a9f580,0
6143cf8d3ac25c70a5c6cd37,0
61421d333ac25c70a5c6cacb,0
6141cf18baaf234b3529018a,0
6142b1adbaaf234b3529071e,0
61423f1131cf3ef3d4a9f406,0
61423969baaf234b35290676,0
6141d0dbee0a3fd43fb47abf,0
6141cf76ee0a3fd43fb47a3b,0
6141dacc31cf3ef3d4a9efb6,0
6142163d9cbada84a8676c79,0
6141e00e3ac25c70a5c6c979,0
6141df8631cf3ef3d4a9f024,0
61440cde31cf3ef3d4a9f7cc,0
6141cfa5baaf234b352901fa,0
614217b59cbada84a8676c7d,0
614218fb9cbada84a8676c83,0
614234334e27a1844a5f06ba,0
6142f13a4e27a1844a5f0984,0
61433fb03ac25c70a5c6cccd,0
614238c0ee0a3fd43fb47efd,0
614232b63ac25c70a5c6cb1f,0
6141f9a731cf3ef3d4a9f1b6,0
6141ddbd9cbada84a8676a5b,0
6141d5b931cf3ef3d4a9ef1a,0
614295f24e27a1844a5f0888,0
6141d68c4e27a1844a5f01f2,0
614244a54e27a1844a5f071a,0
6141cf453ac25c70a5c6c855,0
61425a759cbada84a8676d27,0
61427604baaf234b352906ea,0
6141fe2bee0a3fd43fb47e05,0
6141cf199cbada84a86767c5,0
6141f0af31cf3ef3d4a9f13e,0
61448be83ac25c70a5c6cd83,0
6141f7d04e27a1844a5f049e,0
6141dc3f4e27a1844a5f029e,0
6142483c4e27a1844a5f0730,0
6141d5a1baaf234b35290328,0
6141dcb24e27a1844a5f02ac,0
6141e62131cf3ef3d4a9f0a0,0
6141f9efbaaf234b3529053e,0
6141d6b63ac25c70a5c6c90f,0
61425be63ac25c70a5c6cb95,0
614311c44e27a1844a5f09c0,0
61425b223ac25c70a5c6cb93,0
6141cf2602d926221cabc559,0
6142318831cf3ef3d4a9f3b0,0
6141d638ee0a3fd43fb47bab,0
6141cf40baaf234b352901c0,0
6141fc349cbada84a8676bcf,0
6141ffc49cbada84a8676beb,0
6141d015baaf234b35290228,0
6141cf7b51c1cbd9654b8884,0
6141cfffbaaf234b35290220,0
6142779f31cf3ef3d4a9f520,0
6141d231ee0a3fd43fb47b0d,0
6141d6f13ac25c70a5c6c913,0
6141e2adbaaf234b35290432,0
61437ff331cf3ef3d4a9f76a,0
614484fc31cf3ef3d4a9f7fa,0
614372f43ac25c70a5c6ccfb,0
6141db489cbada84a8676a25,0
6141f25b3ac25c70a5c6ca05,0
61420a9c9cbada84a8676c43,0
6141e1d7ee0a3fd43fb47cb5,0
6142252c9cbada84a8676caf,0
6142510a4e27a1844a5f076c,0
61428ef73ac25c70a5c6cbfd,0
6142d84831cf3ef3d4a9f64a,0
6142ad543ac25c70a5c6cc2b,0
6142981e31cf3ef3d4a9f59c,0
6141ffc531cf3ef3d4a9f1fc,0
6141e4c64e27a1844a5f0368,0
6142ae0331cf3ef3d4a9f5d8,0
6142eb474e27a1844a5f097a,0
61450e4d31cf3ef3d4a9f81a,0
6141f5a99cbada84a8676b97,0
614248ba9cbada84a8676cfd,0
61421bd54e27a1844a5f060c,0
61427e0231cf3ef3d4a9f538,0
6141d270ee0a3fd43fb47b1b,0
6141d88b9cbada84a86769e1,0
6141e8749cbada84a8676b09,0
614233b9baaf234b35290662,0
614238903ac25c70a5c6cb33,0
614275bc3ac25c70a5c6cbd9,0
6141d72e3ac25c70a5c6c917,0
614252204e27a1844a5f0774,0
61421f723ac25c70a5c6cad3,0
6141dc6531cf3ef3d4a9efe2,0
6141d2b13ac25c70a5c6c8c9,0
614297264e27a1844a5f0890,0
6141daa64e27a1844a5f0272,0
6141de909cbada84a8676a6d,0
61444142baaf234b35290750,0
61422ce14e27a1844a5f068c,0
61422a1831cf3ef3d4a9f37e,0
6141d5719cbada84a8676981,0
6141e603ee0a3fd43fb47cef,0
6142033931cf3ef3d4a9f21e,0
6141e1649cbada84a8676a9f,0
614264cb31cf3ef3d4a9f4d0,0
6141f18a4e27a1844a5f0444,0
61425e4d31cf3ef3d4a9f4ae,0
6143fcd131cf3ef3d4a9f7be,0
6142dfec31cf3ef3d4a9f660,0
6142f86531cf3ef3d4a9f6a2,0
614268bc4e27a1844a5f07d0,0
6141eefe31cf3ef3d4a9f128,0
61422ac43ac25c70a5c6cb03,0
6141e88b9cbada84a8676b0b,0
614216714e27a1844a5f05e4,0
6141fbd13ac25c70a5c6ca3f,0
6142fe5b31cf3ef3d4a9f6ac,0
614365b74e27a1844a5f0a34,0
614247ec31cf3ef3d4a9f42a,0
6141d71a9cbada84a86769b7,0
6141e072ee0a3fd43fb47c9b,0
614218afbaaf234b352905f2,0
6142308731cf3ef3d4a9f3a6,0
6142523b3ac25c70a5c6cb79,0
6141cf20a05be5973bd77a7b,0
61427d673ac25c70a5c6cbe1,0
6141cf1769b0784ffcf8f859,0
6141d3b2ee0a3fd43fb47b4f,0
6141fa119cbada84a8676bc1,0
6143f3f84e27a1844a5f0a8a,0
6141d7a24e27a1844a5f0214,0
614255dc4e27a1844a5f0786,0
614257b73ac25c70a5c6cb8f,0
6143519e31cf3ef3d4a9f736,0
6142112331cf3ef3d4a9f2b6,0
61420f6e9cbada84a8676c63,0
6141cf18a05be5973bd77a6d,0
6141e4fb31cf3ef3d4a9f090,0
614204804e27a1844a5f0536,0
6142636f3ac25c70a5c6cba9,0
614302884e27a1844a5f09aa,0
614380cd3ac25c70a5c6cd07,0
6141e5c5ee0a3fd43fb47ceb,0
61420b9b31cf3ef3d4a9f280,0
6141e80d4e27a1844a5f03ae,0
6141e65e4e27a1844a5f038a,0
6142215e31cf3ef3d4a9f33a,0
6142ba964e27a1844a5f08fe,0
6141fbfcbaaf234b35290550,0
6141d0c8baaf234b3529025c,0
6142634c4e27a1844a5f07c4,0
614266bf31cf3ef3d4a9f4dc,0
6141d1499cbada84a86768cb,0
6141df979cbada84a8676a7f,0
6143894631cf3ef3d4a9f772,0
61435ad44e27a1844a5f0a26,0
6142bf864e27a1844a5f0910,0
6142199f4e27a1844a5f05fa,0
6142276dee0a3fd43fb47ec7,0
6141ffbeee0a3fd43fb47e13,0
61426e033ac25c70a5c6cbc3,0
6141d24631cf3ef3d4a9ee84,0
614405953ac25c70a5c6cd51,0
6141f33b4e27a1844a5f045e,0
6141e9b03ac25c70a5c6c9c9,0
6141d90cbaaf234b35290384,0
6142b0a331cf3ef3d4a9f5e2,0
6141d9f1ee0a3fd43fb47c0f,0
614254909cbada84a8676d1f,0
61449a9b3ac25c70a5c6cd89,0
6142256831cf3ef3d4a9f35a,0
6141d0374e27a1844a5f00b8,0
6141f4383ac25c70a5c6ca13,0
61428b9e31cf3ef3d4a9f56e,0
614229de9cbada84a8676cb7,0
614202bc3ac25c70a5c6ca63,0
6141f247ee0a3fd43fb47d93,0
6141dca24e27a1844a5f02aa,0
6141d4ccee0a3fd43fb47b79,0
614401833ac25c70a5c6cd4f,0
6141d3c8ee0a3fd43fb47b53,0
6142a5743ac25c70a5c6cc1d,0
614230b231cf3ef3d4a9f3a8,0
61421c90baaf234b35290602,0
6144b21431cf3ef3d4a9f806,0
6141f29abaaf234b35290504,0
6141cf1dbaaf234b35290198,0
6142a6b44e27a1844a5f08d0,0
6141d05eee0a3fd43fb47a9b,0
6141da3f4e27a1844a5f0266,0
61422f654e27a1844a5f069c,0
6141dbbd31cf3ef3d4a9efd0,0
61421f14baaf234b3529060e,0
6142284d3ac25c70a5c6caf9,0
6141d4aa4e27a1844a5f01b0,0
6141ee204e27a1844a5f040e,0
6142750f31cf3ef3d4a9f518,0
6141e471baaf234b3529044a,0
6141d4089cbada84a867694b,0
6142632931cf3ef3d4a9f4c6,0
6146c0483ac25c70a5c6cde7,0
6141df1c9cbada84a8676a77,0
6141db294e27a1844a5f0280,0
6141d26031cf3ef3d4a9ee8a,0
6141fb904e27a1844a5f04d4,0
614296b84e27a1844a5f088c,0
6141cf4fbaaf234b352901cc,0
6141cf261d648932fbc342a7,0
6142b3bf4e27a1844a5f08ee,0
6141f5ea31cf3ef3d4a9f188,0
6141d05931cf3ef3d4a9ee04,0
6141d8563ac25c70a5c6c927,0
6141d38b31cf3ef3d4a9eec2,0
61424222ee0a3fd43fb47f0f,0
614209d54e27a1844a5f056c,0
614223b331cf3ef3d4a9f34c,0
61422d323ac25c70a5c6cb0b,0
6141d3a0baaf234b352902e4,0
6141d7454e27a1844a5f020a,0
61424a043ac25c70a5c6cb5f,0
6141d34e9cbada84a8676931,0
61423aec4e27a1844a5f06e2,0
6141d68731cf3ef3d4a9ef38,0
6141cf6b9cbada84a8676821,0
6141d3279cbada84a8676929,0
6144059f4e27a1844a5f0a90,0
61425da39cbada84a8676d2f,0
614401db31cf3ef3d4a9f7c6,0
6141e84d4e27a1844a5f03b2,0
61421fb14e27a1844a5f0624,0
61425de031cf3ef3d4a9f4ac,0
6141e62f4e27a1844a5f0386,0
6141e2574e27a1844a5f0336,0
614253a94e27a1844a5f077a,0
6141f69f4e27a1844a5f0490,0
6141d52331cf3ef3d4a9ef08,0
6141d39e4e27a1844a5f0182,0
61429d1f3ac25c70a5c6cc11,0
6142686231cf3ef3d4a9f4e0,0
614276a631cf3ef3d4a9f51e,0
6142188d3ac25c70a5c6cab5,0
6141f3deee0a3fd43fb47da5,0
6141d06431cf3ef3d4a9ee08,0
61423fae31cf3ef3d4a9f408,0
614209f331cf3ef3d4a9f26c,0
61423cfe4e27a1844a5f06f4,0
6141d1c54e27a1844a5f0128,0
6142666131cf3ef3d4a9f4d8,0
61421df54e27a1844a5f0618,0
61455da531cf3ef3d4a9f828,0
6141e26abaaf234b3529042c,0
614258e34e27a1844a5f0794,0
6141d040ee0a3fd43fb47a91,0
614243ff31cf3ef3d4a9f41c,0
6141ec82baaf234b352904c2,0
6142cc274e27a1844a5f092e,0
61421ba9baaf234b352905fc,0
6141cf4e9cbada84a867680b,0
6141ed82baaf234b352904ce,0
6141cf181d648932fbc34293,0
6141dfb5ee0a3fd43fb47c8d,0
6141e1fdee0a3fd43fb47cb7,0
614241e6baaf234b3529068e,0
6141d4a631cf3ef3d4a9eef4,0
6141eebcbaaf234b352904e0,0
6141e56f9cbada84a8676ae3,0
6141cf1831cf3ef3d4a9ed46,0
6141e4c331cf3ef3d4a9f08e,0
6141cf2dee0a3fd43fb47a03,0
6143a84831cf3ef3d4a9f782,0
6141f2af31cf3ef3d4a9f15e,0
6142d3f74e27a1844a5f0946,0
6142c4de31cf3ef3d4a9f616,0
6141d0f6ee0a3fd43fb47ac7,0
6141cf4bee0a3fd43fb47a1f,0
614217eaee0a3fd43fb47e87,0
6141d115ee0a3fd43fb47acd,0
6141d7959cbada84a86769c7,0
6141d1a0ee0a3fd43fb47aef,0
6141cfa49cbada84a8676843,0
6141e63abaaf234b35290466,0
6142bb8d4e27a1844a5f0902,0
61428a2e4e27a1844a5f085c,0
6143d24431cf3ef3d4a9f7a4,0
614212894e27a1844a5f05c2,0
6141dc8931cf3ef3d4a9efe6,0
6143052231cf3ef3d4a9f6bc,0
6141d31b31cf3ef3d4a9eeb0,0
6143633f4e27a1844a5f0a32,0
6142075d31cf3ef3d4a9f24a,0
6141d13e31cf3ef3d4a9ee46,0
6143ca2f4e27a1844a5f0a7c,0
6141e8643ac25c70a5c6c9c1,0
6141d5bc4e27a1844a5f01d6,0
61428adf3ac25c70a5c6cbf5,0
6143407c3ac25c70a5c6cccf,0
6141d192baaf234b35290288,0
6142559c3ac25c70a5c6cb87,0
6141df434e27a1844a5f02f0,0
6141fb414e27a1844a5f04d0,0
6141e3e29cbada84a8676acb,0
6141e0f2baaf234b35290414,0
61428918baaf234b352906fa,0
6142143231cf3ef3d4a9f2cc,0
6141dad9ee0a3fd43fb47c29,0
61427df2baaf234b352906f0,0
6141cf1dcc0e69a0cf28ab4d,0
614286c831cf3ef3d4a9f55c,0
6143fd1331cf3ef3d4a9f7c0,0
6141e7f931cf3ef3d4a9f0c0,0
61420cfd4e27a1844a5f058a,0
61423bfc3ac25c70a5c6cb41,0
6141dc2a3ac25c70a5c6c94f,0
614285d231cf3ef3d4a9f55a,0
6141e75e9cbada84a8676afb,0
614219c64e27a1844a5f05fc,0
6141cf9631cf3ef3d4a9edb4,0
61426b594e27a1844a5f07da,0
6141d69a4e27a1844a5f01f4,0
6141d100baaf234b3529026a,0
6141cf2aee0a3fd43fb479ff,0
6142223aee0a3fd43fb47ebb,0
6141cf894e27a1844a5f0068,0
6141f53d4e27a1844a5f047a,0
6141d09cbaaf234b35290250,0
6141d4f89cbada84a867696f,0
6143adeb31cf3ef3d4a9f788,0
6141da4e31cf3ef3d4a9efa8,0
6146b90d4e27a1844a5f0b00,0
6142af6631cf3ef3d4a9f5de,0
6141e70931cf3ef3d4a9f0b2,0
6141d36031cf3ef3d4a9eeba,0
6144cf9a31cf3ef3d4a9f80c,0
6141e91abaaf234b35290494,0
614242c74e27a1844a5f0712,0
6142c62d31cf3ef3d4a9f61e,0
614242bb3ac25c70a5c6cb4f,0
6141f69bee0a3fd43fb47dbf,0
6141d6394e27a1844a5f01e6,0
6141cf3d02d926221cabc55d,0
6142eb973ac25c70a5c6cc71,0
6141d37531cf3ef3d4a9eebe,0
6141eaf14e27a1844a5f03da,0
6141f39c9cbada84a8676b85,0
6141d5afbaaf234b3529032a,0
6141d29fbaaf234b352902bc,0
6145c1a131cf3ef3d4a9f830,0
6141d66bbaaf234b35290340,0
6143f5fc3ac25c70a5c6cd49,0
6142ce7231cf3ef3d4a9f638,0
6141ded4ee0a3fd43fb47c83,0
614273c6baaf234b352906e8,0
6142fa9e4e27a1844a5f0998,0
6141f0df4e27a1844a5f043c,0
6141d7519cbada84a86769bf,0
6141d0d5ee0a3fd43fb47abd,0
6141e4299cbada84a8676acd,0
6141e5324e27a1844a5f0370,0
6141cf9231cf3ef3d4a9edb2,0
6141d3c931cf3ef3d4a9eece,0
61467a723ac25c70a5c6cddd,0
61443b0331cf3ef3d4a9f7e8,0
61425a604e27a1844a5f079a,0
6141d9a34e27a1844a5f0252,0
6141d6bb9cbada84a86769ad,0
6141f8654e27a1844a5f04a6,0
6141d0229cbada84a8676877,0
61425a7631cf3ef3d4a9f49c,0
6142180cee0a3fd43fb47e89,0
61423b1a3ac25c70a5c6cb3d,0
614210344e27a1844a5f05a8,0
6141d6004e27a1844a5f01e0,0
6141e45f3ac25c70a5c6c99f,0
6142c7134e27a1844a5f0926,0
6142155531cf3ef3d4a9f2d6,0
6141d06451c1cbd9654b8892,0
61420837baaf234b352905ac,0
61431edc31cf3ef3d4a9f6e2,0
6141d6a4ee0a3fd43fb47bb9,0
6143453a3ac25c70a5c6ccd3,0
614220fabaaf234b35290612,0
6142fd6a4e27a1844a5f09a0,0
6141e6453ac25c70a5c6c9b1,0
6141d0ed4e27a1844a5f00f2,0
6141e218baaf234b35290428,0
6141d110baaf234b3529026e,0
6141d9ad31cf3ef3d4a9ef98,0
6141fad84e27a1844a5f04ca,0
61421e2fee0a3fd43fb47ead,0
61442f584e27a1844a5f0aae,0
614848553ac25c70a5c6cdfb,0
614818ce3ac25c70a5c6cdf9,0
6141d0d04e27a1844a5f00ea,0
614207b1baaf234b352905a6,0
61420e0a9cbada84a8676c59,0
6142305b31cf3ef3d4a9f3a4,0
6142550d31cf3ef3d4a9f47a,0
6142018fbaaf234b3529057e,0
61450dc74e27a1844a5f0ade,0
61422c54baaf234b3529064c,0
6143c75731cf3ef3d4a9f798,0
6141e834baaf234b35290484,0
6141d11c9cbada84a86768bf,0
6142033c9cbada84a8676c0d,0
6141fd54baaf234b35290558,0
6141d257baaf234b352902ae,0
614219ad3ac25c70a5c6cab9,0
6143f93131cf3ef3d4a9f7b8,0
6142e8b84e27a1844a5f0974,0
6141d0af9cbada84a86768a3,0
6141cfbfbaaf234b35290206,0
6141d9059cbada84a86769ed,0
6141d7d24e27a1844a5f021a,0
6141e95831cf3ef3d4a9f0d6,0
6141d49a31cf3ef3d4a9eef2,0
6141d5b9ee0a3fd43fb47b9b,0
6141d9a39cbada84a86769ff,0
6141d2774e27a1844a5f014c,0
614227bf4e27a1844a5f0666,0
6141d063ee0a3fd43fb47a9d,0
6141d075ee0a3fd43fb47aa3,0
614284844e27a1844a5f083e,0
61424e054e27a1844a5f0756,0
61423c2a31cf3ef3d4a9f3f8,0
614223d24e27a1844a5f064a,0
614209cf31cf3ef3d4a9f26a,0
6141d0694e27a1844a5f00ca,0
61424ea13ac25c70a5c6cb6f,0
61420ebf4e27a1844a5f059c,0
6141d1c23ac25c70a5c6c8b5,0
6141ef0a4e27a1844a5f041e,0
6141d0cf3ac25c70a5c6c89b,0
6142538131cf3ef3d4a9f470,0
6141eef5baaf234b352904e4,0
6141dbdc9cbada84a8676a2f,0
6141d0b5ee0a3fd43fb47ab5,0
614209a33ac25c70a5c6ca83,0
6142728431cf3ef3d4a9f506,0
6141cfc24e27a1844a5f0086,0
6141d7cdbaaf234b35290368,0
6141d50b4e27a1844a5f01be,0
6141d9fdbaaf234b3529039e,0
6141efea4e27a1844a5f042c,0
6141d3934e27a1844a5f0180,0
6141e8efbaaf234b35290492,0
614201e1baaf234b35290582,0
614291f39cbada84a8676d69,0
6141fb68ee0a3fd43fb47ded,0
61430d843ac25c70a5c6cc97,0
6143551031cf3ef3d4a9f73a,0
6142f23f4e27a1844a5f0986,0
6141d8c5baaf234b3529037e,0
6141d5e131cf3ef3d4a9ef20,0
6141dd4531cf3ef3d4a9eff4,0
61424fe64e27a1844a5f0762,0
6141d7903ac25c70a5c6c91d,0
6141e2f0ee0a3fd43fb47cc7,0
6141d1f84e27a1844a5f0134,0
614239a29cbada84a8676cdb,0
6141eff031cf3ef3d4a9f132,0
61424ff931cf3ef3d4a9f458,0
6141e8aaee0a3fd43fb47d1b,0
6141d1509cbada84a86768cd,0
6141cf2d4e27a1844a5f0020,0
6141e80bee0a3fd43fb47d11,0
6141e30931cf3ef3d4a9f070,0
6141cf929cbada84a8676839,0
614256a131cf3ef3d4a9f488,0
614296284e27a1844a5f088a,0
61421a40baaf234b352905fa,0
61437e914e27a1844a5f0a48,0
6141d18c4e27a1844a5f011a,0
6142064a4e27a1844a5f0546,0
614391014e27a1844a5f0a58,0
6142d8ff4e27a1844a5f094a,0
6141dca3ee0a3fd43fb47c57,0
614236693ac25c70a5c6cb29,0
6141f4f64e27a1844a5f0478,0
6141f36731cf3ef3d4a9f168,0
6141ef58baaf234b352904ea,0
614350f73ac25c70a5c6cce5,0
6141cfed31cf3ef3d4a9eddc,0
614299394e27a1844a5f089c,0
6141eb5a9cbada84a8676b2d,0
6141cfebbaaf234b35290218,0
61420ee7ee0a3fd43fb47e63,0
6141d9939cbada84a86769fd,0
6141d879baaf234b35290378,0
6141d0553ac25c70a5c6c88b,0
6142bec83ac25c70a5c6cc3b,0
6141d081ee0a3fd43fb47aa7,0
6142293331cf3ef3d4a9f374,0
6141de344e27a1844a5f02d6,0
61433b863ac25c70a5c6cccb,0
614219154e27a1844a5f05f8,0
6141d11cee0a3fd43fb47acf,0
6142f09f31cf3ef3d4a9f68c,0
6141e6123ac25c70a5c6c9af,0
6141cf1dee0a3fd43fb479ed,0
6141d6f231cf3ef3d4a9ef46,0
6142928f3ac25c70a5c6cc03,0
6141da82ee0a3fd43fb47c1f,0
6143867d4e27a1844a5f0a52,0
6141f1f031cf3ef3d4a9f152,0
614284d7ee0a3fd43fb47f65,0
6141d030ee0a3fd43fb47a8b,0
61428c684e27a1844a5f0866,0
6141cf0fe689ecc4c43cdd4b,0
6141d5184e27a1844a5f01c0,0
61422356ee0a3fd43fb47ebf,0
6141dac9ee0a3fd43fb47c27,0
614431da3ac25c70a5c6cd67,0
6141cf369cbada84a86767f5,0
6141cf82cc0e69a0cf28ab69,0
6141dcc5ee0a3fd43fb47c5b,0
6142dff4baaf234b35290732,0
6141e94f9cbada84a8676b15,0
6141f2514e27a1844a5f0450,0
6141f2b54e27a1844a5f0456,0
6141d19c4e27a1844a5f011e,0
6142311d3ac25c70a5c6cb19,0
61429c9831cf3ef3d4a9f5aa,0
6141d1bd31cf3ef3d4a9ee66,0
61423cd731cf3ef3d4a9f3fe,0
614243c63ac25c70a5c6cb53,0
6145083c3ac25c70a5c6cdaf,0
6141de2b31cf3ef3d4a9f008,0
6141ec6e4e27a1844a5f03ee,0
61424c0a9cbada84a8676d07,0
61426f963ac25c70a5c6cbc7,0
6142159b31cf3ef3d4a9f2d8,0
6142e5a24e27a1844a5f096a,0
614482343ac25c70a5c6cd7f,0
61421a5d31cf3ef3d4a9f2fa,0
614293143ac25c70a5c6cc05,0
6141d0c1baaf234b3529025a,0
6141d0409cbada84a8676881,0
6141febeee0a3fd43fb47e0b,0
6142ae3b31cf3ef3d4a9f5da,0
614380093ac25c70a5c6cd05,0
614229f43ac25c70a5c6caff,0
614202e34e27a1844a5f0528,0
61425ae631cf3ef3d4a9f4a0,0
6143374b3ac25c70a5c6ccc9,0
6141d28abaaf234b352902b8,0
61423bdf4e27a1844a5f06ea,0
6143054e4e27a1844a5f09b2,0
6141d5d431cf3ef3d4a9ef1e,0
6141ea2c31cf3ef3d4a9f0e4,0
6144e3be31cf3ef3d4a9f810,0
61422e7b31cf3ef3d4a9f396,0
6141ee00baaf234b352904d6,0
6142259231cf3ef3d4a9f35c,0
6142cedb4e27a1844a5f093a,0
61421ff94e27a1844a5f0626,0
614216d6baaf234b352905ea,0
6141d2b4baaf234b352902c0,0
6141e2ed3ac25c70a5c6c991,0
614328494e27a1844a5f09e8,0
61420a069cbada84a8676c3f,0
6142011731cf3ef3d4a9f208,0
614248104e27a1844a5f072e,0
61427db94e27a1844a5f0824,0
614247f03ac25c70a5c6cb5d,0
614691b431cf3ef3d4a9f83e,0
6141e0ba4e27a1844a5f0312,0
6141d9569cbada84a86769f5,0
6142486abaaf234b352906a0,0
614211c84e27a1844a5f05bc,0
614223383ac25c70a5c6cae5,0
614287d04e27a1844a5f0850,0
614484203ac25c70a5c6cd81,0
614216be31cf3ef3d4a9f2e0,0
6141df9f31cf3ef3d4a9f026,0
6141cf14b842c2e72e2f2d4e,0
6144804c4e27a1844a5f0ac4,0
6141d62d9cbada84a867699b,0
61428e723ac25c70a5c6cbfb,0
6141fe173ac25c70a5c6ca4b,0
6141d24dbaaf234b352902ac,0
6141d29a9cbada84a8676913,0
61420a699cbada84a8676c41,0
61424c324e27a1844a5f074a,0
6141ef1cee0a3fd43fb47d6d,0
6141edd931cf3ef3d4a9f116,0
6141de2eee0a3fd43fb47c7b,0
6142c69a31cf3ef3d4a9f620,0
6141dc45ee0a3fd43fb47c4d,0
61424d3e31cf3ef3d4a9f446,0
6141cfac31cf3ef3d4a9edc0,0
6142155cbaaf234b352905e0,0
614242f0baaf234b35290692,0
614216c04e27a1844a5f05e6,0
6141e627ee0a3fd43fb47cf1,0
6142acae4e27a1844a5f08de,0
6142078c4e27a1844a5f0554,0
614805763ac25c70a5c6cdf7,0
6141d77cbaaf234b3529035e,0
6141f5774e27a1844a5f047e,0
6141d0f0ee0a3fd43fb47ac5,0
6141f09531cf3ef3d4a9f13c,0
614731583ac25c70a5c6cdf3,0
6141de3f31cf3ef3d4a9f00a,0
6141edc8baaf234b352904d2,0
6141e9504e27a1844a5f03c0,0
6141cf1d9cbada84a86767d1,0
6141d5d74e27a1844a5f01da,0
6141d7dcee0a3fd43fb47bdb,0
6141cf2bee0a3fd43fb47a01,0
6141d588baaf234b35290326,0
6142a80631cf3ef3d4a9f5cc,0
6145333531cf3ef3d4a9f822,0
6141e098ee0a3fd43fb47c9d,0
6141d37b4e27a1844a5f017c,0
6141cf10b842c2e72e2f2d44,0
6141d49e4e27a1844a5f01ae,0
6141d908ee0a3fd43fb47bf7,0
61428faf4e27a1844a5f0870,0
6141cf79ee0a3fd43fb47a3d,0
6141e84dbaaf234b35290486,0
6141d0769cbada84a8676891,0
6141e7e89cbada84a8676b03,0
6141e7f64e27a1844a5f03ac,0
6141d1759cbada84a86768d5,0
6144a7944e27a1844a5f0ad0,0
6141cf2231cf3ef3d4a9ed58,0
6141ec564e27a1844a5f03ec,0
6141d9744e27a1844a5f024c,0
6141e821ee0a3fd43fb47d13,0
6142094bee0a3fd43fb47e45,0
6146a21a3ac25c70a5c6cde3,0
6141e5a63ac25c70a5c6c9ab,0
6142175eee0a3fd43fb47e83,0
6141dafb4e27a1844a5f027a,0
6141d267ee0a3fd43fb47b19,0
6141ef6e4e27a1844a5f0424,0
6141dd673ac25c70a5c6c95d,0
61420b1831cf3ef3d4a9f278,0
6141cf4631cf3ef3d4a9ed80,0
6141de09ee0a3fd43fb47c77,0
61423078ee0a3fd43fb47ee5,0
6141ecb0baaf234b352904c4,0
6144347d31cf3ef3d4a9f7e2,0
614255094e27a1844a5f0782,0
614221224e27a1844a5f0632,0
6141d0383ac25c70a5c6c887,0
6141ddab9cbada84a8676a59,0
6141d8beee0a3fd43fb47bef,0
6142003c4e27a1844a5f0510,0
614253b131cf3ef3d4a9f472,0
6141cf999cbada84a867683d,0
6141cf20cc0e69a0cf28ab4f,0
614213754e27a1844a5f05c8,0
61420760baaf234b352905a4,0
6141d4514e27a1844a5f01a2,0
61427e954e27a1844a5f0826,0
61436f1f4e27a1844a5f0a3e,0
61439a1331cf3ef3d4a9f77c,0
6142251eee0a3fd43fb47ec5,0
6141d1e731cf3ef3d4a9ee70,0
614229dc31cf3ef3d4a9f37c,0
6141d1174e27a1844a5f00fe,0
6141cf244e27a1844a5f0016,0
6141eac5ee0a3fd43fb47d39,0
6142214abaaf234b35290616,0
61422350baaf234b35290624,0
6141f02aee0a3fd43fb47d7d,0
6142090b9cbada84a8676c37,0
6142298d9cbada84a8676cb5,0
6141eae2baaf234b352904ac,0
6141f8819cbada84a8676bad,0
6141d6fcbaaf234b35290352,0
6141ec3931cf3ef3d4a9f100,0
6141cfd29cbada84a8676859,0
614406494e27a1844a5f0a92,0
6141ef3a4e27a1844a5f0420,0
6141ed1abaaf234b352904c8,0
6142345e4e27a1844a5f06bc,0
6141cf3f3ac25c70a5c6c853,0
614334d631cf3ef3d4a9f706,0
6141e60abaaf234b35290462,0
61422d8c31cf3ef3d4a9f394,0
61420a7eee0a3fd43fb47e4b,0
6141d32631cf3ef3d4a9eeb2,0
6142af644e27a1844a5f08e4,0
6141db964e27a1844a5f028c,0
614260359cbada84a8676d37,0
614206493ac25c70a5c6ca71,0
6141d13fee0a3fd43fb47ad7,0
6141d094baaf234b3529024e,0
6141e76c31cf3ef3d4a9f0b8,0
6142afa131cf3ef3d4a9f5e0,0
61431cc64e27a1844a5f09d4,0
61425ea83ac25c70a5c6cb9d,0
6144a68f9cbada84a8676d8f,0
61422b3f4e27a1844a5f067a,0
6141d3be31cf3ef3d4a9eecc,0
61424fd8ee0a3fd43fb47f2d,0
6141e5bc9cbada84a8676ae7,0
614266963ac25c70a5c6cbaf,0
6141db279cbada84a8676a23,0
6141d155ee0a3fd43fb47add,0
61420d48ee0a3fd43fb47e5b,0
6141df324e27a1844a5f02ee,0
614207c631cf3ef3d4a9f250,0
6141e3869cbada84a8676ac3,0
614225c2baaf234b35290634,0
6141cfde31cf3ef3d4a9edd6,0
6142b4d34e27a1844a5f08f2,0
6141d83cee0a3fd43fb47be5,0
6142055131cf3ef3d4a9f236,0
614262a59cbada84a8676d3d,0
6141dda3ee0a3fd43fb47c6f,0
6141dc9a9cbada84a8676a43,0
61421fedbaaf234b35290610,0
6141d28b4e27a1844a5f0150,0
6141d0033ac25c70a5c6c87f,0
6141dc4f4e27a1844a5f02a0,0
6141cf32ee0a3fd43fb47a09,0
6142cd064e27a1844a5f0932,0
614303b84e27a1844a5f09ae,0
61424bf03ac25c70a5c6cb65,0
61431840ee0a3fd43fb47f95,0
6141eedbee0a3fd43fb47d69,0
6141d1399cbada84a86768c7,0
61422bd54e27a1844a5f0680,0
6141e6dcbaaf234b3529046e,0
6141fc509cbada84a8676bd1,0
6142423fbaaf234b35290690,0
6141d3b34e27a1844a5f0186,0
6141db3231cf3ef3d4a9efc2,0
6141e05d4e27a1844a5f030c,0
61434f183ac25c70a5c6cce1,0
6141d4b0baaf234b3529030a,0
614237b73ac25c70a5c6cb2f,0
614248684e27a1844a5f0732,0
6142a44d31cf3ef3d4a9f5c0,0
614204529cbada84a8676c15,0
6141eb334e27a1844a5f03de,0
6141ff143ac25c70a5c6ca51,0
614200513ac25c70a5c6ca57,0
6142162f4e27a1844a5f05e2,0
614348454e27a1844a5f0a16,0
6142e3d831cf3ef3d4a9f66a,0
6141fd02ee0a3fd43fb47df9,0
6141cf914e27a1844a5f006c,0
6142844431cf3ef3d4a9f550,0
6141dcdc9cbada84a8676a47,0
6141f7c8ee0a3fd43fb47dcd,0
6141ea079cbada84a8676b23,0
6141e40dbaaf234b35290444,0
614219ec4e27a1844a5f05fe,0
614200944e27a1844a5f0514,0
614211594e27a1844a5f05b6,0
6141f3dc9cbada84a8676b89,0
6141d2fb3ac25c70a5c6c8cf,0
6141d572ee0a3fd43fb47b93,0
6141fde531cf3ef3d4a9f1e2,0
6141d1009cbada84a86768b7,0
61422c7031cf3ef3d4a9f38e,0
6141da304e27a1844a5f0264,0
6142001731cf3ef3d4a9f1fe,0
61422ea631cf3ef3d4a9f398,0
6141cfc59cbada84a8676853,0
61429dcf31cf3ef3d4a9f5ae,0
614317d53ac25c70a5c6cca1,0
6141cfcb4e27a1844a5f008a,0
6141d50f9cbada84a8676973,0
61424bcb9cbada84a8676d05,0
614202a931cf3ef3d4a9f216,0
61443acc4e27a1844a5f0ab2,0
6141ea11baaf234b352904a2,0
6141cf2631cf3ef3d4a9ed5e,0
6141d9654e27a1844a5f024a,0
6144a50e31cf3ef3d4a9f802,0
6141d3f631cf3ef3d4a9eed6,0
61435bf931cf3ef3d4a9f744,0
6142900d31cf3ef3d4a9f57e,0
6141f52abaaf234b3529051a,0
6141d306ee0a3fd43fb47b33,0
614207f3baaf234b352905a8,0
6141da659cbada84a8676a0f,0
6141d9ebbaaf234b3529039c,0
6141d54dee0a3fd43fb47b8d,0
614244229cbada84a8676cf5,0
6141e4f54e27a1844a5f036c,0
6141cf3ecc0e69a0cf28ab5d,0
6141d0bf9cbada84a86768a7,0
6141faed3ac25c70a5c6ca39,0
6141db823ac25c70a5c6c94b,0
6141e7324e27a1844a5f039c,0
6141e3fd4e27a1844a5f0358,0
6142c22e31cf3ef3d4a9f60e,0
61427c194e27a1844a5f081c,0
6141db7831cf3ef3d4a9efc8,0
6142a6fa31cf3ef3d4a9f5c8,0
6142a6fa31cf3ef3d4a9f5c8,0
